-- MySQL dump 10.13  Distrib 8.0.35, for Linux (x86_64)
--
-- Host: localhost    Database: inventory_dev
-- ------------------------------------------------------
-- Server version	8.0.35-0ubuntu0.20.04.1

/*!40101 SET @OLD_CHARACTER_SET_CLIENT=@@CHARACTER_SET_CLIENT */;
/*!40101 SET @OLD_CHARACTER_SET_RESULTS=@@CHARACTER_SET_RESULTS */;
/*!40101 SET @OLD_COLLATION_CONNECTION=@@COLLATION_CONNECTION */;
/*!50503 SET NAMES utf8 */;
/*!40103 SET @OLD_TIME_ZONE=@@TIME_ZONE */;
/*!40103 SET TIME_ZONE='+00:00' */;
/*!40014 SET @OLD_UNIQUE_CHECKS=@@UNIQUE_CHECKS, UNIQUE_CHECKS=0 */;
/*!40014 SET @OLD_FOREIGN_KEY_CHECKS=@@FOREIGN_KEY_CHECKS, FOREIGN_KEY_CHECKS=0 */;
/*!40101 SET @OLD_SQL_MODE=@@SQL_MODE, SQL_MODE='NO_AUTO_VALUE_ON_ZERO' */;
/*!40111 SET @OLD_SQL_NOTES=@@SQL_NOTES, SQL_NOTES=0 */;

--
-- Table structure for table `area`
--

DROP TABLE IF EXISTS `area`;
/*!40101 SET @saved_cs_client     = @@character_set_client */;
/*!50503 SET character_set_client = utf8mb4 */;
CREATE TABLE `area` (
  `id` bigint NOT NULL AUTO_INCREMENT,
  `name` text CHARACTER SET utf8mb3 COLLATE utf8mb3_unicode_ci NOT NULL,
  `description` longtext CHARACTER SET utf8mb3 COLLATE utf8mb3_unicode_ci,
  `site_id` bigint NOT NULL,
  `parent_id` int DEFAULT NULL,
  `deleted` tinyint(1) DEFAULT '0',
  PRIMARY KEY (`id`)
) ENGINE=InnoDB AUTO_INCREMENT=6 DEFAULT CHARSET=utf8mb3 COLLATE=utf8mb3_unicode_ci;
/*!40101 SET character_set_client = @saved_cs_client */;

--
-- Dumping data for table `area`
--

LOCK TABLES `area` WRITE;
/*!40000 ALTER TABLE `area` DISABLE KEYS */;
INSERT INTO `area` VALUES (1,'DF3 Store','DF3 Store Room and DF3 Environmental',1,NULL,0),(2,'Store 50','Store Room 50 (Pav\'s Lab)',1,NULL,0),(3,'Store 23','Store Room 23 (Customer Storage)',1,NULL,0),(4,'MMRA Store','Meet Me Room A (MMRA) Store Room',2,NULL,0),(5,'testArea','',4,NULL,0);
/*!40000 ALTER TABLE `area` ENABLE KEYS */;
UNLOCK TABLES;

--
-- Table structure for table `cable_item`
--

DROP TABLE IF EXISTS `cable_item`;
/*!40101 SET @saved_cs_client     = @@character_set_client */;
/*!50503 SET character_set_client = utf8mb4 */;
CREATE TABLE `cable_item` (
  `id` int NOT NULL AUTO_INCREMENT,
  `stock_id` int NOT NULL,
  `quantity` int NOT NULL,
  `cost` decimal(10,0) DEFAULT NULL,
  `shelf_id` int NOT NULL DEFAULT '0',
  `type_id` int NOT NULL DEFAULT '1',
  `deleted` tinyint(1) DEFAULT '0',
  PRIMARY KEY (`id`)
) ENGINE=InnoDB AUTO_INCREMENT=46 DEFAULT CHARSET=utf8mb3 COLLATE=utf8mb3_unicode_ci;
/*!40101 SET character_set_client = @saved_cs_client */;

--
-- Dumping data for table `cable_item`
--

LOCK TABLES `cable_item` WRITE;
/*!40000 ALTER TABLE `cable_item` DISABLE KEYS */;
INSERT INTO `cable_item` VALUES (1,36,11,5,1,2,0),(2,37,2,4,1,2,0),(3,38,3,5,1,2,0),(4,39,1,5,1,2,0),(5,40,0,5,1,2,0),(6,41,1,5,1,2,0),(7,42,1,5,1,2,0),(8,43,11,5,1,2,0),(9,44,11,5,1,2,0),(10,45,11,5,1,2,0),(11,46,11,5,1,2,0),(12,47,13,5,1,2,0),(13,48,7,0,1,5,0),(14,49,10,0,1,5,0),(15,50,15,0,1,5,0),(16,51,9,0,1,5,0),(17,52,9,0,1,5,0),(18,53,10,0,1,5,0),(19,54,10,0,1,5,0),(20,55,7,0,1,5,0),(21,56,5,0,1,5,0),(22,57,7,0,1,8,0),(23,58,12,0,1,8,0),(24,59,15,0,1,8,0),(25,60,9,0,1,8,0),(26,61,8,0,1,8,0),(27,62,4,0,1,8,0),(28,63,6,0,1,8,0),(29,64,6,0,1,8,0),(30,65,12,0,1,8,0),(31,66,35,0,1,11,0),(32,67,5,0,1,11,0),(33,68,12,0,1,11,0),(34,69,18,0,1,11,0),(35,70,10,0,1,11,0),(36,71,8,0,1,11,0),(37,72,5,0,1,11,0),(38,73,5,0,1,11,0),(39,74,7,0,1,11,0),(40,44,12,5,10,2,0),(41,78,52,5,1,2,0),(42,79,17,0,1,2,0),(43,80,6,0,1,2,0),(44,81,18,0,1,2,0),(45,82,5,0,1,11,0);
/*!40000 ALTER TABLE `cable_item` ENABLE KEYS */;
UNLOCK TABLES;

--
-- Table structure for table `cable_transaction`
--

DROP TABLE IF EXISTS `cable_transaction`;
/*!40101 SET @saved_cs_client     = @@character_set_client */;
/*!50503 SET character_set_client = utf8mb4 */;
CREATE TABLE `cable_transaction` (
  `id` bigint NOT NULL AUTO_INCREMENT,
  `stock_id` bigint NOT NULL,
  `item_id` bigint NOT NULL,
  `type` text CHARACTER SET utf8mb3 COLLATE utf8mb3_unicode_ci NOT NULL,
  `quantity` int NOT NULL,
  `reason` text CHARACTER SET utf8mb3 COLLATE utf8mb3_unicode_ci NOT NULL,
  `date` date NOT NULL,
  `time` time NOT NULL,
  `username` text CHARACTER SET utf8mb3 COLLATE utf8mb3_unicode_ci NOT NULL,
  `shelf_id` int DEFAULT NULL,
  PRIMARY KEY (`id`)
) ENGINE=InnoDB AUTO_INCREMENT=120 DEFAULT CHARSET=utf8mb3 COLLATE=utf8mb3_unicode_ci;
/*!40101 SET character_set_client = @saved_cs_client */;

--
-- Dumping data for table `cable_transaction`
--

LOCK TABLES `cable_transaction` WRITE;
/*!40000 ALTER TABLE `cable_transaction` DISABLE KEYS */;
INSERT INTO `cable_transaction` VALUES (1,44,9,'add',12,'Added via Fixed Cable page','2023-08-07','02:36:52','inventory',NULL),(2,44,9,'remove',11,'Removed via Fixed Cable page','2023-08-07','02:36:53','inventory',NULL),(3,46,11,'add',12,'Added via Fixed Cable page','2023-08-07','02:37:45','inventory',NULL),(4,57,22,'add',8,'Added via Fixed Cable page','2023-08-07','02:48:30','inventory',NULL),(5,57,22,'remove',7,'Removed via Fixed Cable page','2023-08-07','02:48:32','inventory',NULL),(6,62,27,'add',5,'Added via Fixed Cable page','2023-08-07','02:48:33','inventory',NULL),(7,62,27,'remove',4,'Removed via Fixed Cable page','2023-08-07','02:48:34','inventory',NULL),(8,62,27,'remove',3,'Removed via Fixed Cable page','2023-08-07','02:50:08','inventory',NULL),(9,62,27,'remove',2,'Removed via Fixed Cable page','2023-08-07','02:50:09','inventory',NULL),(10,62,27,'remove',1,'Removed via Fixed Cable page','2023-08-07','02:50:10','inventory',NULL),(11,62,27,'remove',0,'Removed via Fixed Cable page','2023-08-07','02:50:11','inventory',NULL),(12,62,27,'add',1,'Added via Fixed Cable page','2023-08-07','02:53:45','inventory',NULL),(13,62,27,'add',2,'Added via Fixed Cable page','2023-08-07','02:53:47','inventory',NULL),(14,62,27,'add',3,'Added via Fixed Cable page','2023-08-07','02:53:48','inventory',NULL),(15,62,27,'add',4,'Added via Fixed Cable page','2023-08-07','02:53:50','inventory',NULL),(16,44,9,'add',12,'Added via Fixed Cable page','2023-08-07','02:54:27','inventory',NULL),(17,44,9,'remove',11,'Removed via Fixed Cable page','2023-08-07','03:11:58','inventory',NULL),(18,44,9,'remove',10,'Removed via Fixed Cable page','2023-08-07','03:12:05','inventory',NULL),(19,44,9,'add',11,'Added via Fixed Cable page','2023-08-07','03:12:08','inventory',NULL),(20,44,9,'add',12,'Added via Fixed Cable page','2023-08-07','03:12:10','inventory',NULL),(21,47,12,'remove',12,'Removed via Fixed Cable page','2023-08-07','03:12:25','inventory',NULL),(22,47,12,'add',13,'Added via Fixed Cable page','2023-08-07','03:12:27','inventory',NULL),(23,37,2,'remove',5,'Removed via Fixed Cable page','2023-08-07','03:37:34','inventory',NULL),(24,37,2,'remove',4,'Removed via Fixed Cable page','2023-08-07','03:38:47','inventory',NULL),(25,37,2,'remove',3,'Removed via Fixed Cable page','2023-08-07','03:39:49','inventory',NULL),(26,37,2,'remove',2,'Removed via Fixed Cable page','2023-08-07','03:40:39','inventory',NULL),(27,38,3,'remove',7,'Removed via Fixed Cable page','2023-08-07','03:40:57','inventory',NULL),(28,38,3,'remove',6,'Removed via Fixed Cable page','2023-08-07','03:45:54','inventory',NULL),(29,38,3,'remove',5,'Removed via Fixed Cable page','2023-08-07','03:52:35','inventory',NULL),(30,38,3,'remove',4,'Removed via Fixed Cable page','2023-08-07','03:52:43','inventory',NULL),(31,38,3,'remove',3,'Removed via Fixed Cable page','2023-08-07','03:53:54','inventory',NULL),(32,67,32,'remove',6,'Removed via Fixed Cable page','2023-08-07','07:24:45','inventory',NULL),(33,67,32,'remove',5,'Removed via Fixed Cable page','2023-08-07','07:24:53','inventory',NULL),(34,44,9,'remove',11,'Removed via Fixed Cable page','2023-08-08','23:05:45','inventory',NULL),(35,40,5,'add',2,'Added via Fixed Cable page','2023-08-14','11:52:41','inventory',NULL),(36,40,5,'remove',1,'Removed via Fixed Cable page','2023-08-14','11:52:43','inventory',NULL),(37,44,40,'add',12,'New Stock and Cable Item added','2023-08-15','03:47:49','inventory',NULL),(38,78,41,'add',11,'New Stock and Cable Item added','2023-08-15','03:49:22','inventory',NULL),(39,79,42,'add',1,'New Stock and Cable Item added','2023-08-15','04:14:58','inventory',NULL),(40,80,43,'add',1,'New Stock and Cable Item added','2023-08-15','04:15:15','inventory',NULL),(41,81,44,'add',18,'New Stock and Cable Item added','2023-08-15','04:16:41','inventory',NULL),(42,42,7,'add',1,'Added via Fixed Cable page','2023-08-15','04:23:18','root',NULL),(43,82,45,'add',5,'New Stock and Cable Item added','2023-08-15','05:52:58','root',NULL),(44,79,42,'add',2,'Added via Fixed Cable page','2023-08-22','19:34:06','inventory',NULL),(45,79,42,'add',3,'Added via Fixed Cable page','2023-08-22','19:34:09','inventory',NULL),(46,79,42,'add',4,'Added via Fixed Cable page','2023-08-22','19:34:11','inventory',NULL),(47,79,42,'remove',3,'Removed via Fixed Cable page','2023-08-22','19:34:13','inventory',NULL),(48,79,42,'add',4,'Added via Fixed Cable page','2023-08-28','14:24:19','root',NULL),(49,79,42,'add',5,'Added via Fixed Cable page','2023-08-28','14:26:48','root',NULL),(50,46,11,'remove',11,'Removed via Fixed Cable page','2023-08-30','16:46:08','inventory',NULL),(51,40,5,'remove',0,'Removed via Fixed Cable page','2023-09-04','23:36:52','inventory',NULL),(52,40,5,'add',1,'Added via Fixed Cable page','2023-09-04','23:37:08','inventory',NULL),(53,78,41,'add',12,'Added via Fixed Cable page','2023-09-29','15:53:40','inventory',NULL),(54,78,41,'add',13,'Added via Fixed Cable page','2023-09-29','16:04:07','inventory',NULL),(55,78,41,'add',14,'Added via Fixed Cable page','2023-09-29','16:04:44','inventory',NULL),(56,78,41,'add',15,'Added via Fixed Cable page','2023-09-29','16:04:55','inventory',NULL),(57,78,41,'add',16,'Added via Fixed Cable page','2023-09-29','16:06:30','inventory',NULL),(58,78,41,'add',17,'Added via Fixed Cable page','2023-09-29','16:08:04','inventory',NULL),(59,78,41,'add',18,'Added via Fixed Cable page','2023-09-29','16:09:01','inventory',NULL),(60,78,41,'add',19,'Added via Fixed Cable page','2023-09-29','16:09:27','inventory',NULL),(61,78,41,'add',20,'Added via Fixed Cable page','2023-09-29','16:10:34','inventory',NULL),(62,78,41,'add',21,'Added via Fixed Cable page','2023-09-29','16:11:16','inventory',NULL),(63,78,41,'add',22,'Added via Fixed Cable page','2023-09-29','16:11:59','inventory',NULL),(64,78,41,'add',23,'Added via Fixed Cable page','2023-09-29','16:29:19','inventory',NULL),(65,78,41,'add',24,'Added via Fixed Cable page','2023-09-29','16:29:30','inventory',NULL),(66,78,41,'add',25,'Added via Fixed Cable page','2023-09-29','16:31:14','inventory',NULL),(67,78,41,'add',26,'Added via Fixed Cable page','2023-09-29','16:31:43','inventory',NULL),(68,78,41,'add',27,'Added via Fixed Cable page','2023-09-29','16:31:54','inventory',NULL),(69,78,41,'add',28,'Added via Fixed Cable page','2023-09-29','16:44:03','inventory',NULL),(70,78,41,'add',29,'Added via Fixed Cable page','2023-09-29','16:44:35','inventory',NULL),(71,78,41,'add',30,'Added via Fixed Cable page','2023-09-29','16:51:52','inventory',NULL),(72,78,41,'add',31,'Added via Fixed Cable page','2023-09-29','16:58:20','inventory',NULL),(73,78,41,'add',32,'Added via Fixed Cable page','2023-09-29','17:10:13','inventory',NULL),(74,78,41,'add',33,'Added via Fixed Cable page','2023-09-29','17:12:10','inventory',NULL),(75,78,41,'add',34,'Added via Fixed Cable page','2023-09-29','17:12:28','inventory',NULL),(76,78,41,'add',35,'Added via Fixed Cable page','2023-09-29','17:14:10','inventory',NULL),(77,78,41,'add',36,'Added via Fixed Cable page','2023-09-29','17:14:26','inventory',NULL),(78,78,41,'add',37,'Added via Fixed Cable page','2023-09-29','17:15:20','inventory',NULL),(79,78,41,'add',38,'Added via Fixed Cable page','2023-09-29','17:16:29','inventory',NULL),(80,78,41,'add',39,'Added via Fixed Cable page','2023-09-29','17:24:04','inventory',NULL),(81,78,41,'add',40,'Added via Fixed Cable page','2023-09-29','17:24:59','inventory',NULL),(82,78,41,'add',41,'Added via Fixed Cable page','2023-09-29','17:26:04','inventory',NULL),(83,78,41,'add',42,'Added via Fixed Cable page','2023-09-29','17:26:42','inventory',NULL),(84,78,41,'add',43,'Added via Fixed Cable page','2023-09-29','17:27:02','inventory',NULL),(85,78,41,'remove',42,'Removed via Fixed Cable page','2023-09-29','17:27:17','inventory',NULL),(86,78,41,'add',43,'Added via Fixed Cable page','2023-09-29','17:28:58','inventory',NULL),(87,78,41,'add',44,'Added via Fixed Cable page','2023-09-29','17:29:45','inventory',NULL),(88,78,41,'add',45,'Added via Fixed Cable page','2023-09-29','17:30:28','inventory',NULL),(89,78,41,'add',46,'Added via Fixed Cable page','2023-09-29','17:31:03','inventory',NULL),(90,78,41,'add',47,'Added via Fixed Cable page','2023-09-29','17:31:58','inventory',NULL),(91,78,41,'add',48,'Added via Fixed Cable page','2023-09-29','17:32:32','inventory',NULL),(92,78,41,'add',49,'Added via Fixed Cable page','2023-09-29','17:32:48','inventory',NULL),(93,79,42,'remove',4,'Removed via Fixed Cable page','2023-09-29','18:10:26','inventory',NULL),(94,80,43,'add',2,'Added via Fixed Cable page','2023-09-29','18:17:11','inventory',NULL),(95,80,43,'add',3,'Added via Fixed Cable page','2023-09-29','18:17:58','inventory',NULL),(96,79,42,'remove',3,'Removed via Fixed Cable page','2023-09-29','19:21:22','inventory',NULL),(97,79,42,'remove',2,'Removed via Fixed Cable page','2023-09-29','19:26:55','inventory',NULL),(98,79,42,'add',3,'Added via Fixed Cable page','2023-09-29','19:27:39','inventory',NULL),(99,79,42,'remove',2,'Removed via Fixed Cable page','2023-09-29','19:28:04','inventory',NULL),(100,80,43,'remove',2,'Removed via Fixed Cable page','2023-09-29','19:29:18','inventory',NULL),(101,40,5,'remove',0,'Removed via Fixed Cable page','2023-10-01','17:34:10','inventory',NULL),(102,79,42,'add',3,'Added via Fixed Cable page','2023-10-01','17:40:31','inventory',NULL),(103,79,42,'add',4,'Added via Fixed Cable page','2023-10-01','17:40:33','inventory',NULL),(104,78,41,'add',50,'Added via Fixed Cable page','2023-10-01','19:38:05','inventory',NULL),(105,79,42,'add',5,'Added via Fixed Cable page','2023-10-01','19:38:54','inventory',NULL),(106,78,41,'add',51,'Added via Fixed Cable page','2023-10-01','19:40:12','inventory',NULL),(107,79,42,'add',6,'Added via Fixed Cable page','2023-10-01','19:40:17','inventory',NULL),(108,79,42,'add',7,'Added via Fixed Cable page','2023-10-01','19:43:52','inventory',NULL),(109,79,42,'add',8,'Added via Fixed Cable page','2023-10-01','19:44:10','inventory',NULL),(110,79,42,'add',9,'Added via Fixed Cable page','2023-10-01','19:45:06','inventory',NULL),(111,79,42,'add',10,'Added via Fixed Cable page','2023-10-01','19:45:45','inventory',NULL),(112,79,42,'add',11,'Added via Fixed Cable page','2023-10-01','19:46:01','inventory',NULL),(113,79,42,'add',12,'Added via Fixed Cable page','2023-10-01','19:50:08','inventory',NULL),(114,80,43,'add',3,'Added via Fixed Cable page','2023-10-08','23:49:23','inventory',NULL),(115,80,43,'add',4,'Added via Fixed Cable page','2023-10-12','03:18:08','inventory',NULL),(116,79,42,'add',17,'Added via Fixed Cable page','2023-10-12','03:37:19','inventory',1),(117,80,43,'add',5,'Added via Fixed Cable page','2023-10-12','03:37:28','inventory',1),(118,80,43,'add',6,'Added via Fixed Cable page','2023-10-12','03:38:23','inventory',1),(119,78,41,'add',52,'Added via Fixed Cable page','2023-10-12','03:47:46','inventory',1);
/*!40000 ALTER TABLE `cable_transaction` ENABLE KEYS */;
UNLOCK TABLES;

--
-- Table structure for table `cable_types`
--

DROP TABLE IF EXISTS `cable_types`;
/*!40101 SET @saved_cs_client     = @@character_set_client */;
/*!50503 SET character_set_client = utf8mb4 */;
CREATE TABLE `cable_types` (
  `id` int NOT NULL AUTO_INCREMENT,
  `name` text CHARACTER SET utf8mb3 COLLATE utf8mb3_unicode_ci NOT NULL,
  `description` text CHARACTER SET utf8mb3 COLLATE utf8mb3_unicode_ci,
  `parent` text CHARACTER SET utf8mb3 COLLATE utf8mb3_unicode_ci,
  PRIMARY KEY (`id`)
) ENGINE=InnoDB AUTO_INCREMENT=14 DEFAULT CHARSET=utf8mb3 COLLATE=utf8mb3_unicode_ci;
/*!40101 SET character_set_client = @saved_cs_client */;

--
-- Dumping data for table `cable_types`
--

LOCK TABLES `cable_types` WRITE;
/*!40000 ALTER TABLE `cable_types` DISABLE KEYS */;
INSERT INTO `cable_types` VALUES (1,'Copper','Generic Copper Cable','Copper'),(2,'Cat5e','Cat5e Copper Cable','Copper'),(3,'Cat6','Cat6 Copper Cable','Copper'),(4,'Fibre','Generic Fibre Cable','Fibre'),(5,'SM LC-LC','Single Mode LC to LC Fibre Cable','Fibre'),(6,'SM SC-SC','Single Mode SC to SC Fibre Cable','Fibre'),(7,'SM LC-SC','Single Mode LC to SC Fibre Cable','Fibre'),(8,'MM LC-LC','Multi Mode LC to LC Fibre Cable','Fibre'),(9,'MM SC-SC','Multi Mode SC to SC Fibre Cable','Fibre'),(10,'MM LC-SC','Multi Mode LC to SC Fibre Cable','Fibre'),(11,'Power','Generic Power Cable','Power'),(12,'Other','Other Generic Cable','Other'),(13,'ADSL','ADSL 2-pair cable for RJ11 termination','Copper');
/*!40000 ALTER TABLE `cable_types` ENABLE KEYS */;
UNLOCK TABLES;

--
-- Table structure for table `changelog`
--

DROP TABLE IF EXISTS `changelog`;
/*!40101 SET @saved_cs_client     = @@character_set_client */;
/*!50503 SET character_set_client = utf8mb4 */;
CREATE TABLE `changelog` (
  `id` int NOT NULL AUTO_INCREMENT,
  `timestamp` datetime NOT NULL,
  `user_id` int NOT NULL,
  `user_username` text CHARACTER SET utf8mb3 COLLATE utf8mb3_unicode_ci,
  `action` varchar(255) CHARACTER SET utf8mb3 COLLATE utf8mb3_unicode_ci NOT NULL,
  `table_name` varchar(255) CHARACTER SET utf8mb3 COLLATE utf8mb3_unicode_ci DEFAULT NULL,
  `record_id` int DEFAULT NULL,
  `field_name` varchar(255) CHARACTER SET utf8mb3 COLLATE utf8mb3_unicode_ci DEFAULT NULL,
  `value_old` text CHARACTER SET utf8mb3 COLLATE utf8mb3_unicode_ci,
  `value_new` text CHARACTER SET utf8mb3 COLLATE utf8mb3_unicode_ci,
  PRIMARY KEY (`id`)
) ENGINE=InnoDB AUTO_INCREMENT=605 DEFAULT CHARSET=utf8mb3 COLLATE=utf8mb3_unicode_ci;
/*!40101 SET character_set_client = @saved_cs_client */;

--
-- Dumping data for table `changelog`
--

LOCK TABLES `changelog` WRITE;
/*!40000 ALTER TABLE `changelog` DISABLE KEYS */;
INSERT INTO `changelog` VALUES (1,'2023-08-28 13:49:33',2,'inventory','Remove quantity','item',65,'quantity','95',NULL),(2,'2023-08-28 13:50:44',2,'inventory','Remove quantity','item',65,'quantity','94',NULL),(3,'2023-08-28 13:51:49',2,'inventory','Remove quantity','item',65,'quantity','93',NULL),(4,'2023-08-28 13:56:20',2,'inventory','Remove quantity','item',65,'quantity','92',NULL),(5,'2023-08-28 13:56:20',2,'inventory','Add quantity','item',124,'quantity','3',NULL),(6,'2023-08-28 14:24:20',0,'root','Add quantity','cable_item',42,'quantity','3',NULL),(7,'2023-08-28 14:26:48',0,'root','Add quantity','cable_item',42,'quantity','4','5'),(8,'2023-08-28 17:51:12',0,'root','Update record','users',0,'last_name','roott','root'),(9,'2023-08-30 16:46:08',2,'inventory','Remove Quantity','cable_item',11,'quantity','12','11'),(10,'2023-08-30 17:14:32',2,'inventory','New record','item',125,'stock_id',NULL,'1'),(11,'2023-08-30 17:49:50',2,'inventory','New record','item',126,'stock_id',NULL,'4'),(12,'2023-08-30 17:50:37',2,'inventory','New record','item',127,'stock_id',NULL,'4'),(13,'2023-08-30 18:00:52',2,'inventory','New record','item',128,'stock_id',NULL,'4'),(14,'2023-08-30 18:18:01',2,'inventory','Remove quantity','item',126,'quantity','1','0'),(15,'2023-08-30 18:18:02',2,'inventory','Delete record','item',126,'stock_id','4',NULL),(16,'2023-08-30 18:25:06',2,'inventory','Remove quantity','item',127,'quantity','1','0'),(17,'2023-08-30 18:25:06',2,'inventory','Delete record','item',127,'stock_id','4',NULL),(18,'2023-08-30 18:26:11',2,'inventory','Remove quantity','item',4,'quantity','1','0'),(19,'2023-08-30 18:26:12',2,'inventory','Delete record','item',4,'stock_id','4',NULL),(20,'2023-08-30 18:26:30',2,'inventory','Remove quantity','item',128,'quantity','1','0'),(21,'2023-08-30 18:26:30',2,'inventory','Delete record','item',128,'stock_id','4',NULL),(22,'2023-08-30 18:36:00',2,'inventory','New record','item',129,'stock_id',NULL,'1'),(23,'2023-09-01 13:49:26',2,'inventory','New record','item',130,'stock_id',NULL,'4'),(24,'2023-09-01 13:49:26',2,'inventory','New record','item',131,'stock_id',NULL,'4'),(25,'2023-09-01 13:49:27',2,'inventory','New record','item',132,'stock_id',NULL,'4'),(26,'2023-09-01 13:49:27',2,'inventory','New record','item',133,'stock_id',NULL,'4'),(27,'2023-09-01 13:49:27',2,'inventory','New record','item',134,'stock_id',NULL,'4'),(28,'2023-09-01 14:05:30',2,'inventory','New record','item',135,'stock_id',NULL,'4'),(29,'2023-09-01 14:08:13',2,'inventory','New record','item',136,'stock_id',NULL,'4'),(30,'2023-09-01 14:08:13',2,'inventory','New record','item',137,'stock_id',NULL,'4'),(31,'2023-09-01 14:08:13',2,'inventory','New record','item',138,'stock_id',NULL,'4'),(32,'2023-09-01 14:08:13',2,'inventory','New record','item',139,'stock_id',NULL,'4'),(33,'2023-09-02 18:41:51',2,'inventory','Remove quantity','item',130,'quantity','1','0'),(34,'2023-09-02 18:41:52',2,'inventory','Delete record','item',130,'stock_id','4',NULL),(35,'2023-09-02 18:45:37',2,'inventory','Remove quantity','item',131,'quantity','1','0'),(36,'2023-09-02 18:45:37',2,'inventory','Delete record','item',131,'stock_id','4',NULL),(37,'2023-09-02 20:25:16',2,'inventory','Remove quantity','item',1,'quantity','1','0'),(38,'2023-09-02 20:25:16',2,'inventory','Remove quantity','item',64,'quantity','1','0'),(39,'2023-09-02 20:25:16',2,'inventory','Remove quantity','item',65,'quantity','1','0'),(40,'2023-09-02 20:25:16',2,'inventory','Remove quantity','item',67,'quantity','1','0'),(41,'2023-09-02 20:25:16',2,'inventory','Remove quantity','item',71,'quantity','1','0'),(42,'2023-09-02 20:25:16',2,'inventory','Remove quantity','item',72,'quantity','1','0'),(43,'2023-09-02 20:25:16',2,'inventory','Remove quantity','item',73,'quantity','1','0'),(44,'2023-09-02 20:25:16',2,'inventory','Remove quantity','item',74,'quantity','1','0'),(45,'2023-09-02 20:25:16',2,'inventory','Remove quantity','item',124,'quantity','1','0'),(46,'2023-09-02 20:25:16',2,'inventory','Remove quantity','item',125,'quantity','1','0'),(47,'2023-09-02 20:25:16',2,'inventory','Remove quantity','item',129,'quantity','1','0'),(48,'2023-09-02 20:28:11',2,'inventory','Remove quantity','item',208,'quantity','1','0'),(49,'2023-09-02 20:31:05',2,'inventory','Remove quantity','item',270,'quantity','1','0'),(50,'2023-09-02 20:33:41',2,'inventory','Remove quantity','item',271,'quantity','1','0'),(51,'2023-09-02 20:35:53',2,'inventory','Remove quantity','item',272,'quantity','1','0'),(52,'2023-09-02 20:35:53',2,'inventory','Remove quantity','item',273,'quantity','1','0'),(53,'2023-09-02 20:35:53',2,'inventory','Remove quantity','item',274,'quantity','1','0'),(54,'2023-09-02 20:35:53',2,'inventory','Remove quantity','item',275,'quantity','1','0'),(55,'2023-09-02 20:35:53',2,'inventory','Remove quantity','item',276,'quantity','1','0'),(56,'2023-09-02 20:35:53',2,'inventory','Remove quantity','item',277,'quantity','1','0'),(57,'2023-09-02 20:35:53',2,'inventory','Remove quantity','item',278,'quantity','1','0'),(58,'2023-09-02 20:37:13',2,'inventory','Remove quantity','item',279,'quantity','1','0'),(59,'2023-09-02 20:37:13',2,'inventory','Remove quantity','item',280,'quantity','1','0'),(60,'2023-09-02 20:37:13',2,'inventory','Remove quantity','item',281,'quantity','1','0'),(61,'2023-09-02 20:37:13',2,'inventory','Remove quantity','item',282,'quantity','1','0'),(62,'2023-09-02 20:37:13',2,'inventory','Remove quantity','item',283,'quantity','1','0'),(63,'2023-09-02 20:37:13',2,'inventory','Remove quantity','item',284,'quantity','1','0'),(64,'2023-09-02 20:37:13',2,'inventory','Remove quantity','item',285,'quantity','1','0'),(65,'2023-09-04 00:04:17',2,'inventory','Remove quantity','item',132,'quantity','1','0'),(66,'2023-09-04 00:04:17',2,'inventory','Add quantity','item',394,'quantity',NULL,'1'),(67,'2023-09-04 00:04:17',2,'inventory','Remove quantity','item',133,'quantity','1','0'),(68,'2023-09-04 00:04:17',2,'inventory','Add quantity','item',395,'quantity',NULL,'1'),(69,'2023-09-04 00:07:47',2,'inventory','Remove quantity','item',394,'quantity','1','0'),(70,'2023-09-04 00:07:47',2,'inventory','Add quantity','item',396,'quantity',NULL,'1'),(71,'2023-09-04 00:07:47',2,'inventory','Remove quantity','item',395,'quantity','1','0'),(72,'2023-09-04 00:07:47',2,'inventory','Add quantity','item',397,'quantity',NULL,'1'),(73,'2023-09-04 00:07:47',2,'inventory','Remove quantity','item',NULL,'quantity','1','0'),(74,'2023-09-04 00:11:20',2,'inventory','Remove quantity','item',134,'quantity','1','0'),(75,'2023-09-04 00:11:20',2,'inventory','Add quantity','item',398,'quantity',NULL,'1'),(76,'2023-09-04 00:11:20',2,'inventory','Remove quantity','item',138,'quantity','1','0'),(77,'2023-09-04 00:11:20',2,'inventory','Add quantity','item',399,'quantity',NULL,'1'),(78,'2023-09-04 00:11:20',2,'inventory','Remove quantity','item',139,'quantity','1','0'),(79,'2023-09-04 00:11:20',2,'inventory','Add quantity','item',400,'quantity',NULL,'1'),(80,'2023-09-04 00:11:35',2,'inventory','Remove quantity','item',398,'quantity','1','0'),(81,'2023-09-04 00:11:35',2,'inventory','Add quantity','item',401,'quantity',NULL,'1'),(82,'2023-09-04 00:11:35',2,'inventory','Remove quantity','item',399,'quantity','1','0'),(83,'2023-09-04 00:11:35',2,'inventory','Add quantity','item',402,'quantity',NULL,'1'),(84,'2023-09-04 00:11:35',2,'inventory','Remove quantity','item',400,'quantity','1','0'),(85,'2023-09-04 00:11:35',2,'inventory','Add quantity','item',403,'quantity',NULL,'1'),(86,'2023-09-04 00:11:35',2,'inventory','Remove quantity','item',NULL,'quantity','1','0'),(87,'2023-09-04 22:37:10',2,'inventory','New record','stock_img',69,'image',NULL,'C13-C14.jpg'),(88,'2023-09-04 22:45:12',2,'inventory','Delete record','stock_img',69,'stock_id','86',NULL),(89,'2023-09-04 22:48:14',2,'inventory','New record','stock_img',70,'image',NULL,'C13-C14.jpg'),(90,'2023-09-04 22:54:10',2,'inventory','Delete record','stock_img',70,'stock_id','86',NULL),(91,'2023-09-04 23:36:52',2,'inventory','Remove Quantity','cable_item',5,'quantity','1','0'),(92,'2023-09-04 23:37:08',2,'inventory','Add Quantity','cable_item',5,'quantity','0','1'),(93,'2023-09-14 05:45:56',2,'inventory','New record','stock_img',71,'image',NULL,'MM-LCLC.jpg'),(94,'2023-09-14 05:46:00',2,'inventory','Delete record','stock_img',54,'stock_id','65',NULL),(95,'2023-09-16 05:35:29',2,'inventory','Update record','item',391,'upc','','aaa'),(96,'2023-09-16 05:35:29',2,'inventory','Update record','item',391,'serial_number','','bbb'),(97,'2023-09-16 05:35:29',2,'inventory','Update record','item',391,'cost','69','111'),(98,'2023-09-16 05:35:30',2,'inventory','Update record','item',391,'comments','','ccc'),(99,'2023-09-16 05:36:18',2,'inventory','Update record','item',391,'upc','aaa',''),(100,'2023-09-16 05:36:18',2,'inventory','Update record','item',391,'serial_number','bbb',''),(101,'2023-09-16 05:37:31',2,'inventory','Update record','item',391,'cost','111',''),(102,'2023-09-16 05:37:31',2,'inventory','Update record','item',391,'comments','ccc',''),(103,'2023-09-16 05:38:05',2,'inventory','Update record','item',391,'cost','0','69'),(104,'2023-09-16 05:38:15',2,'inventory','Update record','item',391,'upc','','aaa'),(105,'2023-09-16 05:38:16',2,'inventory','Update record','item',391,'serial_number','','bbb'),(106,'2023-09-16 05:38:16',2,'inventory','Update record','item',391,'cost','69','111'),(107,'2023-09-16 05:38:16',2,'inventory','Update record','item',391,'comments','','cccc'),(108,'2023-09-16 05:38:24',2,'inventory','Update record','item',391,'upc','aaa',''),(109,'2023-09-16 05:38:24',2,'inventory','Update record','item',391,'serial_number','bbb',''),(110,'2023-09-16 05:38:24',2,'inventory','Update record','item',391,'cost','111',''),(111,'2023-09-16 05:38:24',2,'inventory','Update record','item',391,'comments','cccc',''),(112,'2023-09-16 05:38:35',2,'inventory','Update record','item',391,'cost','0','69'),(113,'2023-09-16 06:07:05',2,'inventory','New record','shelf',18,'name',NULL,'deleteTest'),(114,'2023-09-16 06:09:41',2,'inventory','Delete record','shelf',18,'deleted','0','1'),(115,'2023-09-16 22:48:27',2,'inventory','Update record','config',1,'banner_color',NULL,'#72BE2A'),(116,'2023-09-16 22:48:28',2,'inventory','Update record','config',1,'currency',NULL,'£'),(117,'2023-09-16 22:51:46',2,'inventory','Update record','config',1,'banner_color',NULL,'#72BE2A'),(118,'2023-09-16 22:51:46',2,'inventory','Update record','config',1,'logo_image',NULL,'custom/160923225146-cdc-favicon.png'),(119,'2023-09-16 22:51:46',2,'inventory','Update record','config',1,'favicon_image',NULL,NULL),(120,'2023-09-16 22:51:46',2,'inventory','Update record','config',1,'currency',NULL,'£'),(121,'2023-09-16 23:14:16',2,'inventory','Update record','config',1,'banner_color','#72BE2A','#72BE2A'),(122,'2023-09-16 23:14:16',2,'inventory','Update record','config',1,'logo_image','custom/160923225146-cdc-favicon.png','custom/160923231416-cdc-favicon.png'),(123,'2023-09-16 23:14:16',2,'inventory','Update record','config',1,'favicon_image','custom/160923225146-cdc-favicon.png',NULL),(124,'2023-09-16 23:14:17',2,'inventory','Update record','config',1,'currency','£','£'),(125,'2023-09-16 23:15:16',2,'inventory','Update record','config',1,'banner_color','#72BE2A','#72BE2A'),(126,'2023-09-16 23:15:16',2,'inventory','Update record','config',1,'logo_image','custom/160923231416-cdc-favicon.png','custom/160923231516-cdc-favicon.png'),(127,'2023-09-16 23:15:16',2,'inventory','Update record','config',1,'favicon_image','custom/160923231416-cdc-favicon.png','custom/160923231516-cdc-favicon.png'),(128,'2023-09-16 23:15:16',2,'inventory','Update record','config',1,'currency','£','£'),(129,'2023-09-16 23:18:39',2,'inventory','Update record','config',1,'logo_image','custom/160923231516-cdc-favicon.png','custom/160923231839-cdc-favicon.png'),(130,'2023-09-16 23:18:39',2,'inventory','Update record','config',1,'favicon_image','custom/160923231516-cdc-favicon.png','custom/160923231839-cdc-favicon.png'),(131,'2023-09-16 23:18:39',2,'inventory','Update record','config',1,'currency','£','£'),(132,'2023-09-17 01:56:28',2,'inventory','Theme Change','users',2,'theme','0','1'),(133,'2023-09-17 01:58:31',2,'inventory','Theme Change','users',2,'theme','1','0'),(134,'2023-09-17 01:58:35',2,'inventory','Theme Change','users',2,'theme','0','1'),(135,'2023-09-17 02:02:49',2,'inventory','Theme Change','users',2,'theme','1','0'),(136,'2023-09-17 02:02:51',2,'inventory','Theme Change','users',2,'theme','0','1'),(137,'2023-09-17 02:02:58',2,'inventory','Theme Change','users',2,'theme','1','0'),(138,'2023-09-17 02:02:59',2,'inventory','Theme Change','users',2,'theme','0','1'),(139,'2023-09-17 02:03:51',2,'inventory','Theme Change','users',2,'theme','1','0'),(140,'2023-09-17 02:04:04',2,'inventory','Theme Change','users',2,'theme','0','1'),(141,'2023-09-17 02:05:11',2,'inventory','Theme Change','users',2,'theme','1','0'),(142,'2023-09-17 02:05:13',2,'inventory','Theme Change','users',2,'theme','0','1'),(143,'2023-09-17 02:07:25',2,'inventory','Theme Change','users',2,'theme','1','0'),(144,'2023-09-17 02:07:28',2,'inventory','Theme Change','users',2,'theme','0','1'),(145,'2023-09-17 02:08:17',2,'inventory','Theme Change','users',2,'theme','1','0'),(146,'2023-09-17 02:08:18',2,'inventory','Theme Change','users',2,'theme','0','1'),(147,'2023-09-17 02:11:14',2,'inventory','Theme Change','users',2,'theme','1','0'),(148,'2023-09-17 02:11:35',2,'inventory','Theme Change','users',2,'theme','0','1'),(149,'2023-09-17 02:11:36',2,'inventory','Theme Change','users',2,'theme','1','0'),(150,'2023-09-17 02:16:00',2,'inventory','Theme Change','users',2,'theme','0','1'),(151,'2023-09-17 02:16:02',2,'inventory','Theme Change','users',2,'theme','1','0'),(152,'2023-09-17 02:17:15',2,'inventory','Theme Change','users',2,'theme','0','1'),(153,'2023-09-17 02:17:52',2,'inventory','Theme Change','users',2,'theme','1','0'),(154,'2023-09-17 05:09:49',2,'inventory','Theme Change','users',2,'theme','0','1'),(155,'2023-09-17 05:43:02',2,'inventory','Theme Change','users',2,'theme','1','2'),(156,'2023-09-17 05:44:19',2,'inventory','Theme Change','users',2,'theme','2','1'),(157,'2023-09-17 05:44:37',2,'inventory','Theme Change','users',2,'theme','1','0'),(158,'2023-09-17 05:44:39',2,'inventory','Theme Change','users',2,'theme','0','1'),(159,'2023-09-17 05:46:31',2,'inventory','Theme Change','users',2,'theme','1','0'),(160,'2023-09-17 05:46:33',2,'inventory','Theme Change','users',2,'theme','0','2'),(161,'2023-09-17 05:46:53',2,'inventory','Theme Change','users',2,'theme','2','1'),(162,'2023-09-17 05:46:54',2,'inventory','Theme Change','users',2,'theme','1','0'),(163,'2023-09-17 05:46:55',2,'inventory','Theme Change','users',2,'theme','0','1'),(164,'2023-09-17 05:46:56',2,'inventory','Theme Change','users',2,'theme','1','2'),(165,'2023-09-17 05:47:49',2,'inventory','Theme Change','users',2,'theme','2','0'),(166,'2023-09-17 05:48:53',2,'inventory','Theme Change','users',2,'theme','0','2'),(167,'2023-09-17 05:49:06',2,'inventory','Theme Change','users',2,'theme','2','0'),(168,'2023-09-17 05:51:32',2,'inventory','Theme Change','users',2,'theme','0','2'),(169,'2023-09-17 05:51:39',2,'inventory','Theme Change','users',2,'theme','2','1'),(170,'2023-09-17 05:51:40',2,'inventory','Theme Change','users',2,'theme','1','0'),(171,'2023-09-17 07:41:43',2,'inventory','Theme Change','users',2,'theme','0','1'),(172,'2023-09-17 07:42:11',2,'inventory','Theme Change','users',2,'theme','1','0'),(173,'2023-09-17 07:44:48',2,'inventory','Theme Change','users',2,'theme','0','1'),(174,'2023-09-17 07:44:50',2,'inventory','Theme Change','users',2,'theme','1','2'),(175,'2023-09-17 07:44:51',2,'inventory','Theme Change','users',2,'theme','2','1'),(176,'2023-09-17 07:44:53',2,'inventory','Theme Change','users',2,'theme','1','2'),(177,'2023-09-17 07:45:22',2,'inventory','Theme Change','users',2,'theme','2','0'),(178,'2023-09-17 07:59:30',2,'inventory','Theme Change','users',2,'theme','0','1'),(179,'2023-09-17 07:59:33',2,'inventory','Theme Change','users',2,'theme','1','2'),(180,'2023-09-17 18:08:50',2,'inventory','Theme Change','users',2,'theme','2','0'),(181,'2023-09-17 18:12:05',2,'inventory','Theme Change','users',2,'theme','0','1'),(182,'2023-09-17 18:13:31',2,'inventory','Theme Change','users',2,'theme','1','2'),(183,'2023-09-17 18:15:49',2,'inventory','Theme Change','users',2,'theme','2','0'),(184,'2023-09-17 18:15:58',2,'inventory','Theme Change','users',2,'theme','0','2'),(185,'2023-09-17 18:16:31',2,'inventory','Theme Change','users',2,'theme','2','0'),(186,'2023-09-17 18:17:56',2,'inventory','Update record','item',391,'comments','','comments'),(187,'2023-09-17 18:18:09',2,'inventory','Update record','item',391,'comments','comments','='),(188,'2023-09-17 18:18:12',2,'inventory','Update record','item',391,'comments','=',''),(189,'2023-09-17 18:19:36',2,'inventory','Update record','item',393,'comments','','test'),(190,'2023-09-17 18:34:41',2,'inventory','Theme Change','users',2,'theme','0','2'),(191,'2023-09-17 18:35:12',2,'inventory','Theme Change','users',2,'theme','2','1'),(192,'2023-09-17 18:35:14',2,'inventory','Theme Change','users',2,'theme','1','0'),(193,'2023-09-17 18:36:43',1,'andrew1','Theme Change','users',1,'theme','0','1'),(194,'2023-09-20 01:16:40',1,'andrew1','Theme Change','users',1,'theme','1','2'),(195,'2023-09-20 01:16:47',1,'andrew1','Theme Change','users',1,'theme','2','1'),(196,'2023-09-21 12:04:53',2,'inventory','Theme Change','users',2,'theme','0','1'),(197,'2023-09-21 13:24:20',2,'inventory','New record','cable_types',13,'name',NULL,'ADSL'),(198,'2023-09-21 13:51:13',2,'inventory','Theme Change','users',2,'theme','1','0'),(199,'2023-09-21 14:44:11',2,'inventory','Theme Change','users',2,'theme','0','1'),(200,'2023-09-21 15:01:42',2,'inventory','Theme Change','users',2,'theme','1','0'),(201,'2023-09-21 15:01:43',2,'inventory','Theme Change','users',2,'theme','0','2'),(202,'2023-09-21 15:02:07',2,'inventory','Update record','config',1,'system_name','Inventory System','CDC Stock'),(203,'2023-09-21 15:18:09',2,'inventory','Theme Change','users',2,'theme','2','1'),(204,'2023-09-21 15:18:29',2,'inventory','Theme Change','users',2,'theme','1','0'),(205,'2023-09-21 15:52:59',2,'inventory','Theme Change','users',2,'theme','0','3'),(206,'2023-09-21 15:53:45',2,'inventory','Theme Change','users',2,'theme','3','0'),(207,'2023-09-21 15:56:55',2,'inventory','Theme Change','users',2,'theme','0','1'),(208,'2023-09-21 15:56:56',2,'inventory','Theme Change','users',2,'theme','1','2'),(209,'2023-09-21 15:56:58',2,'inventory','Theme Change','users',2,'theme','2','3'),(210,'2023-09-21 15:57:38',2,'inventory','Theme Change','users',2,'theme','3','0'),(211,'2023-09-21 15:59:20',1,'andrew1','Theme Change','users',1,'theme','1','3'),(212,'2023-09-21 16:00:04',2,'inventory','Theme Change','users',2,'theme','0','1'),(213,'2023-09-21 16:01:02',1,'andrew1','Theme Change','users',1,'theme','3','0'),(214,'2023-09-21 16:01:04',1,'andrew1','Theme Change','users',1,'theme','0','1'),(215,'2023-09-21 16:01:05',1,'andrew1','Theme Change','users',1,'theme','1','2'),(216,'2023-09-21 16:01:07',1,'andrew1','Theme Change','users',1,'theme','2','3'),(217,'2023-09-21 16:01:08',1,'andrew1','Theme Change','users',1,'theme','3','0'),(218,'2023-09-21 16:01:27',1,'andrew1','Theme Change','users',1,'theme','0','1'),(219,'2023-09-21 16:01:37',1,'andrew1','Theme Change','users',1,'theme','1','0'),(220,'2023-09-21 16:02:53',2,'inventory','Theme Change','users',2,'theme','1','2'),(221,'2023-09-21 16:04:16',2,'inventory','Remove quantity','item',390,'quantity','1','0'),(222,'2023-09-21 16:04:16',2,'inventory','Add quantity','item',404,'quantity',NULL,'1'),(223,'2023-09-21 16:08:43',2,'inventory','Theme Change','users',2,'theme','2','3'),(224,'2023-09-21 16:12:59',2,'inventory','Theme Change','users',2,'theme','3','0'),(225,'2023-09-21 16:13:03',2,'inventory','Theme Change','users',2,'theme','0','2'),(226,'2023-09-21 16:13:07',2,'inventory','Theme Change','users',2,'theme','2','0'),(227,'2023-09-21 16:13:10',2,'inventory','Theme Change','users',2,'theme','0','1'),(228,'2023-09-21 16:13:12',2,'inventory','Theme Change','users',2,'theme','1','3'),(229,'2023-09-21 16:13:16',2,'inventory','Theme Change','users',2,'theme','3','2'),(230,'2023-09-21 16:13:48',1,'andrew1','Theme Change','users',1,'theme','0','2'),(231,'2023-09-21 16:25:49',1,'andrew1','Theme Change','users',1,'theme','2','1'),(232,'2023-09-21 16:39:06',1,'andrew1','Theme Change','users',1,'theme','1','0'),(233,'2023-09-21 16:39:09',1,'andrew1','Theme Change','users',1,'theme','0','3'),(234,'2023-09-21 16:44:58',2,'inventory','Remove quantity','item',286,'quantity','1','0'),(235,'2023-09-21 16:44:58',2,'inventory','Add quantity','item',405,'quantity',NULL,'1'),(236,'2023-09-21 16:49:58',2,'inventory','Remove quantity','item',287,'quantity','1','0'),(237,'2023-09-21 16:49:58',2,'inventory','Add quantity','item',406,'quantity',NULL,'1'),(238,'2023-09-21 16:51:13',2,'inventory','Remove quantity','item',288,'quantity','1','0'),(239,'2023-09-21 16:51:13',2,'inventory','Add quantity','item',407,'quantity',NULL,'1'),(240,'2023-09-21 16:51:45',2,'inventory','Remove quantity','item',289,'quantity','1','0'),(241,'2023-09-21 16:51:45',2,'inventory','Add quantity','item',408,'quantity',NULL,'1'),(242,'2023-09-21 17:36:29',2,'inventory','Theme Change','users',2,'theme','2','0'),(243,'2023-09-21 21:02:03',2,'inventory','Theme Change','users',2,'theme','0','1'),(244,'2023-09-21 21:02:05',2,'inventory','Theme Change','users',2,'theme','1','2'),(245,'2023-09-21 21:02:07',2,'inventory','Theme Change','users',2,'theme','2','3'),(246,'2023-09-21 21:02:12',2,'inventory','Theme Change','users',2,'theme','3','0'),(247,'2023-09-22 18:42:03',2,'inventory','Update record','notifications',1,'enabled','1','1'),(248,'2023-09-22 18:42:06',2,'inventory','Update record','notifications',1,'enabled','1','0'),(249,'2023-09-22 18:42:25',2,'inventory','Update record','notifications',1,'enabled','0','1'),(250,'2023-09-22 18:56:14',2,'inventory','Update record','notifications',1,'enabled','1','1'),(251,'2023-09-22 18:56:16',2,'inventory','Update record','notifications',1,'enabled','1','0'),(252,'2023-09-22 18:57:16',2,'inventory','Update record','notifications',1,'enabled','0','0'),(253,'2023-09-22 18:57:22',2,'inventory','Update record','notifications',1,'enabled','0','0'),(254,'2023-09-22 18:57:36',2,'inventory','Update record','notifications',1,'enabled','0','1'),(255,'2023-09-22 18:59:01',2,'inventory','Update record','notifications',1,'enabled','1','0'),(256,'2023-09-22 18:59:02',2,'inventory','Update record','notifications',1,'enabled','0','1'),(257,'2023-09-22 18:59:35',2,'inventory','Remove quantity','item',290,'quantity','1','0'),(258,'2023-09-22 18:59:35',2,'inventory','Add quantity','item',409,'quantity',NULL,'1'),(259,'2023-09-22 19:00:31',2,'inventory','Update record','notifications',1,'enabled','1','0'),(260,'2023-09-22 19:00:32',2,'inventory','Update record','notifications',1,'enabled','0','1'),(261,'2023-09-22 19:01:47',2,'inventory','Remove quantity','item',291,'quantity','1','0'),(262,'2023-09-22 19:01:47',2,'inventory','Add quantity','item',410,'quantity',NULL,'1'),(263,'2023-09-22 19:06:50',2,'inventory','Update record','notifications',1,'enabled','1','0'),(264,'2023-09-22 19:06:52',2,'inventory','Update record','notifications',1,'enabled','0','1'),(265,'2023-09-22 19:06:56',2,'inventory','Update record','notifications',1,'enabled','1','0'),(266,'2023-09-22 19:07:07',2,'inventory','Update record','notifications',1,'enabled','0','1'),(267,'2023-09-22 19:10:14',2,'inventory','Update record','notifications',1,'enabled','1','0'),(268,'2023-09-22 19:10:40',2,'inventory','Update record','notifications',1,'enabled','0','1'),(269,'2023-09-22 19:11:00',2,'inventory','Update record','notifications',1,'enabled','1','0'),(270,'2023-09-22 19:11:02',2,'inventory','Update record','notifications',1,'enabled','0','1'),(271,'2023-09-22 19:11:06',2,'inventory','Update record','notifications',2,'enabled','1','0'),(272,'2023-09-22 19:11:08',2,'inventory','Update record','notifications',2,'enabled','0','1'),(273,'2023-09-22 19:11:32',2,'inventory','Update record','notifications',1,'enabled','1','0'),(274,'2023-09-22 19:11:35',2,'inventory','Update record','notifications',1,'enabled','0','1'),(275,'2023-09-22 19:11:38',2,'inventory','Update record','notifications',1,'enabled','1','0'),(276,'2023-09-22 19:11:41',2,'inventory','Update record','notifications',1,'enabled','0','1'),(277,'2023-09-22 19:12:10',2,'inventory','Update record','notifications',1,'enabled','1','0'),(278,'2023-09-22 19:12:13',2,'inventory','Update record','notifications',1,'enabled','0','1'),(279,'2023-09-22 19:14:17',2,'inventory','Update record','notifications',1,'enabled','1','0'),(280,'2023-09-22 19:14:20',2,'inventory','Update record','notifications',1,'enabled','0','1'),(281,'2023-09-22 19:23:01',2,'inventory','Theme Change','users',2,'theme','0','3'),(282,'2023-09-22 19:23:06',2,'inventory','Update record','notifications',1,'enabled','1','0'),(283,'2023-09-22 19:23:08',2,'inventory','Update record','notifications',1,'enabled','0','1'),(284,'2023-09-22 19:23:19',2,'inventory','Theme Change','users',2,'theme','3','0'),(285,'2023-09-22 19:23:50',2,'inventory','Update record','notifications',1,'enabled','1','0'),(286,'2023-09-22 19:23:52',2,'inventory','Update record','notifications',1,'enabled','0','1'),(287,'2023-09-23 12:24:25',2,'inventory','Update record','notifications',1,'enabled','1','0'),(288,'2023-09-23 12:24:36',2,'inventory','Update record','notifications',1,'enabled','0','1'),(289,'2023-09-23 13:04:55',2,'inventory','Remove quantity','item',292,'quantity','1','0'),(290,'2023-09-23 13:04:55',2,'inventory','Add quantity','item',411,'quantity',NULL,'1'),(291,'2023-09-23 13:07:19',2,'inventory','Update record','notifications',4,'enabled','1','0'),(292,'2023-09-23 13:07:31',2,'inventory','Remove quantity','item',293,'quantity','1','0'),(293,'2023-09-23 13:07:31',2,'inventory','Add quantity','item',412,'quantity',NULL,'1'),(294,'2023-09-23 13:07:48',2,'inventory','Update record','notifications',4,'enabled','0','1'),(295,'2023-09-23 13:07:55',2,'inventory','Remove quantity','item',294,'quantity','1','0'),(296,'2023-09-23 13:07:55',2,'inventory','Add quantity','item',413,'quantity',NULL,'1'),(297,'2023-09-23 15:01:08',2,'inventory','Theme Change','users',2,'theme','0','2'),(298,'2023-09-23 15:38:48',2,'inventory','Theme Change','users',2,'theme','2','1'),(299,'2023-09-23 15:39:08',2,'inventory','Theme Change','users',2,'theme','1','2'),(300,'2023-09-23 15:39:14',2,'inventory','Theme Change','users',2,'theme','2','1'),(301,'2023-09-23 16:21:50',2,'inventory','Update record','config',1,'default_theme',NULL,'2'),(302,'2023-09-23 16:22:05',2,'inventory','Update record','config',1,'default_theme',NULL,'3'),(303,'2023-09-23 16:22:27',2,'inventory','Update record','config',1,'default_theme','3','2'),(304,'2023-09-23 16:24:15',2,'inventory','Update record','config',1,'default_theme','2','1'),(305,'2023-09-23 17:17:09',2,'inventory','Theme Change','users',2,'theme','1','2'),(306,'2023-09-23 17:17:10',2,'inventory','Theme Change','users',2,'theme','2','1'),(307,'2023-09-23 17:22:56',2,'inventory','Theme Change','users',2,'theme','1','3'),(308,'2023-09-23 17:22:58',2,'inventory','Theme Change','users',2,'theme','3','2'),(309,'2023-09-23 17:23:00',2,'inventory','Theme Change','users',2,'theme','2','4'),(310,'2023-09-23 17:23:05',2,'inventory','Theme Change','users',2,'theme','4','1'),(311,'2023-09-23 17:23:06',2,'inventory','Theme Change','users',2,'theme','1','2'),(312,'2023-09-23 17:23:08',2,'inventory','Theme Change','users',2,'theme','2','1'),(313,'2023-09-23 17:33:09',2,'inventory','Theme Change','users',2,'theme','1','2'),(314,'2023-09-23 17:33:12',2,'inventory','Theme Change','users',2,'theme','2','3'),(315,'2023-09-23 17:33:13',2,'inventory','Theme Change','users',2,'theme','3','4'),(316,'2023-09-23 17:33:15',2,'inventory','Theme Change','users',2,'theme','4','1'),(317,'2023-09-23 17:37:36',2,'inventory','Theme Change','users',2,'theme','1','2'),(318,'2023-09-23 17:37:37',2,'inventory','Theme Change','users',2,'theme','2','1'),(319,'2023-09-23 17:37:38',2,'inventory','Theme Change','users',2,'theme','1','2'),(320,'2023-09-23 17:37:41',2,'inventory','Theme Change','users',2,'theme','2','3'),(321,'2023-09-23 17:37:42',2,'inventory','Theme Change','users',2,'theme','3','4'),(322,'2023-09-23 17:37:44',2,'inventory','Theme Change','users',2,'theme','4','1'),(323,'2023-09-23 17:37:46',2,'inventory','Theme Change','users',2,'theme','1','2'),(324,'2023-09-23 17:38:46',2,'inventory','Theme Change','users',2,'theme','2','2'),(325,'2023-09-23 17:38:48',2,'inventory','Theme Change','users',2,'theme','2','1'),(326,'2023-09-23 17:39:13',2,'inventory','Theme Change','users',2,'theme','1','2'),(327,'2023-09-23 17:39:14',2,'inventory','Theme Change','users',2,'theme','2','1'),(328,'2023-09-23 17:56:43',2,'inventory','Theme Change','users',2,'theme','1','2'),(329,'2023-09-23 17:58:09',2,'inventory','Theme Change','users',2,'theme','2','1'),(330,'2023-09-24 12:02:30',2,'inventory','Theme Change','users',2,'theme','1','2'),(331,'2023-09-24 12:03:55',2,'inventory','Theme Change','users',2,'theme','2','1'),(332,'2023-09-24 13:54:41',2,'inventory','New record','theme',5,'name',NULL,'Test'),(333,'2023-09-24 13:55:19',2,'inventory','New record','theme',6,'name',NULL,'Test2'),(334,'2023-09-29 16:04:55',2,'inventory','Add Quantity','cable_item',41,'quantity','14','15'),(335,'2023-09-29 16:08:04',2,'inventory','Add Quantity','cable_item',41,'quantity','16','17'),(336,'2023-09-29 16:09:01',2,'inventory','Add Quantity','cable_item',41,'quantity','17','18'),(337,'2023-09-29 16:09:28',2,'inventory','Add Quantity','cable_item',41,'quantity','18','19'),(338,'2023-09-29 16:10:34',2,'inventory','Add Quantity','cable_item',41,'quantity','19','20'),(339,'2023-09-29 16:11:16',2,'inventory','Add Quantity','cable_item',41,'quantity','20','21'),(340,'2023-09-29 16:11:59',2,'inventory','Add Quantity','cable_item',41,'quantity','21','22'),(341,'2023-09-29 16:12:54',2,'inventory','Remove quantity','item',295,'quantity','1','0'),(342,'2023-09-29 16:12:54',2,'inventory','Add quantity','item',414,'quantity',NULL,'1'),(343,'2023-09-29 16:29:30',2,'inventory','Add Quantity','cable_item',41,'quantity','23','24'),(344,'2023-09-29 16:31:14',2,'inventory','Add Quantity','cable_item',41,'quantity','24','25'),(345,'2023-09-29 16:31:43',2,'inventory','Add Quantity','cable_item',41,'quantity','25','26'),(346,'2023-09-29 16:31:54',2,'inventory','Add Quantity','cable_item',41,'quantity','26','27'),(347,'2023-09-29 16:44:04',2,'inventory','Add Quantity','cable_item',41,'quantity','27','28'),(348,'2023-09-29 16:44:35',2,'inventory','Add Quantity','cable_item',41,'quantity','28','29'),(349,'2023-09-29 16:51:52',2,'inventory','Add Quantity','cable_item',41,'quantity','29','30'),(350,'2023-09-29 16:52:33',2,'inventory','Remove quantity','item',296,'quantity','1','0'),(351,'2023-09-29 16:52:33',2,'inventory','Add quantity','item',415,'quantity',NULL,'1'),(352,'2023-09-29 16:58:21',2,'inventory','Add Quantity','cable_item',41,'quantity','30','31'),(353,'2023-09-29 17:10:13',2,'inventory','Add Quantity','cable_item',41,'quantity','31','32'),(354,'2023-09-29 17:12:10',2,'inventory','Add Quantity','cable_item',41,'quantity','32','33'),(355,'2023-09-29 17:12:28',2,'inventory','Add Quantity','cable_item',41,'quantity','33','34'),(356,'2023-09-29 17:14:10',2,'inventory','Add Quantity','cable_item',41,'quantity','34','35'),(357,'2023-09-29 17:14:26',2,'inventory','Add Quantity','cable_item',41,'quantity','35','36'),(358,'2023-09-29 17:15:20',2,'inventory','Add Quantity','cable_item',41,'quantity','36','37'),(359,'2023-09-29 17:16:29',2,'inventory','Add Quantity','cable_item',41,'quantity','37','38'),(360,'2023-09-29 17:24:04',2,'inventory','Add Quantity','cable_item',41,'quantity','38','39'),(361,'2023-09-29 17:24:59',2,'inventory','Add Quantity','cable_item',41,'quantity','39','40'),(362,'2023-09-29 17:26:05',2,'inventory','Add Quantity','cable_item',41,'quantity','40','41'),(363,'2023-09-29 17:26:42',2,'inventory','Add Quantity','cable_item',41,'quantity','41','42'),(364,'2023-09-29 17:27:02',2,'inventory','Add Quantity','cable_item',41,'quantity','42','43'),(365,'2023-09-29 17:27:17',2,'inventory','Remove Quantity','cable_item',41,'quantity','43','42'),(366,'2023-09-29 17:28:58',2,'inventory','Add Quantity','cable_item',41,'quantity','42','43'),(367,'2023-09-29 17:29:45',2,'inventory','Add Quantity','cable_item',41,'quantity','43','44'),(368,'2023-09-29 17:30:29',2,'inventory','Add Quantity','cable_item',41,'quantity','44','45'),(369,'2023-09-29 17:31:03',2,'inventory','Add Quantity','cable_item',41,'quantity','45','46'),(370,'2023-09-29 17:31:58',2,'inventory','Add Quantity','cable_item',41,'quantity','46','47'),(371,'2023-09-29 17:32:32',2,'inventory','Add Quantity','cable_item',41,'quantity','47','48'),(372,'2023-09-29 17:32:48',2,'inventory','Add Quantity','cable_item',41,'quantity','48','49'),(373,'2023-09-29 17:32:59',2,'inventory','Remove quantity','item',297,'quantity','1','0'),(374,'2023-09-29 17:32:59',2,'inventory','Add quantity','item',416,'quantity',NULL,'1'),(375,'2023-09-29 18:10:27',2,'inventory','Remove Quantity','cable_item',42,'quantity','5','4'),(376,'2023-09-29 18:17:12',2,'inventory','Add Quantity','cable_item',43,'quantity','1','2'),(377,'2023-09-29 18:17:59',2,'inventory','Add Quantity','cable_item',43,'quantity','2','3'),(378,'2023-09-29 18:38:25',2,'inventory','New record','item',417,'stock_id',NULL,'1'),(379,'2023-09-29 18:38:25',2,'inventory','New record','item',418,'stock_id',NULL,'1'),(380,'2023-09-29 18:38:25',2,'inventory','New record','item',419,'stock_id',NULL,'1'),(381,'2023-09-29 18:38:25',2,'inventory','New record','item',420,'stock_id',NULL,'1'),(382,'2023-09-29 18:38:25',2,'inventory','New record','item',421,'stock_id',NULL,'1'),(383,'2023-09-29 18:38:25',2,'inventory','New record','item',422,'stock_id',NULL,'1'),(384,'2023-09-29 18:38:25',2,'inventory','New record','item',423,'stock_id',NULL,'1'),(385,'2023-09-29 18:38:25',2,'inventory','New record','item',424,'stock_id',NULL,'1'),(386,'2023-09-29 18:38:25',2,'inventory','New record','item',425,'stock_id',NULL,'1'),(387,'2023-09-29 18:38:25',2,'inventory','New record','item',426,'stock_id',NULL,'1'),(388,'2023-09-29 18:38:25',2,'inventory','New record','item',427,'stock_id',NULL,'1'),(389,'2023-09-29 18:40:34',2,'inventory','New record','item',428,'stock_id',NULL,'1'),(390,'2023-09-29 18:40:34',2,'inventory','New record','item',429,'stock_id',NULL,'1'),(391,'2023-09-29 18:40:35',2,'inventory','New record','item',430,'stock_id',NULL,'1'),(392,'2023-09-29 18:40:35',2,'inventory','New record','item',431,'stock_id',NULL,'1'),(393,'2023-09-29 18:40:35',2,'inventory','New record','item',432,'stock_id',NULL,'1'),(394,'2023-09-29 18:40:35',2,'inventory','New record','item',433,'stock_id',NULL,'1'),(395,'2023-09-29 18:40:35',2,'inventory','New record','item',434,'stock_id',NULL,'1'),(396,'2023-09-29 18:40:35',2,'inventory','New record','item',435,'stock_id',NULL,'1'),(397,'2023-09-29 18:40:35',2,'inventory','New record','item',436,'stock_id',NULL,'1'),(398,'2023-09-29 18:40:35',2,'inventory','New record','item',437,'stock_id',NULL,'1'),(399,'2023-09-29 18:40:35',2,'inventory','New record','item',438,'stock_id',NULL,'1'),(400,'2023-09-29 18:41:21',2,'inventory','New record','item',439,'stock_id',NULL,'1'),(401,'2023-09-29 18:41:21',2,'inventory','New record','item',440,'stock_id',NULL,'1'),(402,'2023-09-29 18:41:21',2,'inventory','New record','item',441,'stock_id',NULL,'1'),(403,'2023-09-29 18:41:21',2,'inventory','New record','item',442,'stock_id',NULL,'1'),(404,'2023-09-29 18:41:21',2,'inventory','New record','item',443,'stock_id',NULL,'1'),(405,'2023-09-29 18:41:21',2,'inventory','New record','item',444,'stock_id',NULL,'1'),(406,'2023-09-29 18:41:21',2,'inventory','New record','item',445,'stock_id',NULL,'1'),(407,'2023-09-29 18:41:21',2,'inventory','New record','item',446,'stock_id',NULL,'1'),(408,'2023-09-29 18:41:22',2,'inventory','New record','item',447,'stock_id',NULL,'1'),(409,'2023-09-29 18:41:22',2,'inventory','New record','item',448,'stock_id',NULL,'1'),(410,'2023-09-29 18:41:22',2,'inventory','New record','item',449,'stock_id',NULL,'1'),(411,'2023-09-29 18:42:33',2,'inventory','New record','item',450,'stock_id',NULL,'1'),(412,'2023-09-29 18:43:14',2,'inventory','New record','item',451,'stock_id',NULL,'1'),(413,'2023-09-29 18:43:23',2,'inventory','New record','item',452,'stock_id',NULL,'1'),(414,'2023-09-29 18:44:19',2,'inventory','New record','item',453,'stock_id',NULL,'1'),(415,'2023-09-29 19:11:24',2,'inventory','Remove quantity','item',298,'quantity','1','0'),(416,'2023-09-29 19:11:24',2,'inventory','Remove quantity','item',299,'quantity','1','0'),(417,'2023-09-29 19:11:24',2,'inventory','Remove quantity','item',300,'quantity','1','0'),(418,'2023-09-29 19:11:24',2,'inventory','Remove quantity','item',301,'quantity','1','0'),(419,'2023-09-29 19:11:24',2,'inventory','Remove quantity','item',302,'quantity','1','0'),(420,'2023-09-29 19:11:24',2,'inventory','Remove quantity','item',303,'quantity','1','0'),(421,'2023-09-29 19:11:24',2,'inventory','Remove quantity','item',304,'quantity','1','0'),(422,'2023-09-29 19:11:24',2,'inventory','Remove quantity','item',305,'quantity','1','0'),(423,'2023-09-29 19:11:24',2,'inventory','Remove quantity','item',306,'quantity','1','0'),(424,'2023-09-29 19:11:24',2,'inventory','Remove quantity','item',307,'quantity','1','0'),(425,'2023-09-29 19:11:24',2,'inventory','Remove quantity','item',308,'quantity','1','0'),(426,'2023-09-29 19:11:24',2,'inventory','Remove quantity','item',309,'quantity','1','0'),(427,'2023-09-29 19:13:56',2,'inventory','Remove quantity','item',310,'quantity','1','0'),(428,'2023-09-29 19:13:56',2,'inventory','Remove quantity','item',311,'quantity','1','0'),(429,'2023-09-29 19:13:56',2,'inventory','Remove quantity','item',312,'quantity','1','0'),(430,'2023-09-29 19:13:56',2,'inventory','Remove quantity','item',313,'quantity','1','0'),(431,'2023-09-29 19:13:56',2,'inventory','Remove quantity','item',314,'quantity','1','0'),(432,'2023-09-29 19:13:56',2,'inventory','Remove quantity','item',315,'quantity','1','0'),(433,'2023-09-29 19:13:56',2,'inventory','Remove quantity','item',316,'quantity','1','0'),(434,'2023-09-29 19:13:56',2,'inventory','Remove quantity','item',317,'quantity','1','0'),(435,'2023-09-29 19:13:56',2,'inventory','Remove quantity','item',318,'quantity','1','0'),(436,'2023-09-29 19:13:56',2,'inventory','Remove quantity','item',319,'quantity','1','0'),(437,'2023-09-29 19:13:56',2,'inventory','Remove quantity','item',320,'quantity','1','0'),(438,'2023-09-29 19:13:56',2,'inventory','Remove quantity','item',321,'quantity','1','0'),(439,'2023-09-29 19:16:54',2,'inventory','Remove quantity','item',417,'quantity','1','0'),(440,'2023-09-29 19:16:54',2,'inventory','Add quantity','item',454,'quantity',NULL,'1'),(441,'2023-09-29 19:16:54',2,'inventory','Remove quantity','item',418,'quantity','1','0'),(442,'2023-09-29 19:16:54',2,'inventory','Add quantity','item',455,'quantity',NULL,'1'),(443,'2023-09-29 19:16:54',2,'inventory','Remove quantity','item',419,'quantity','1','0'),(444,'2023-09-29 19:16:54',2,'inventory','Add quantity','item',456,'quantity',NULL,'1'),(445,'2023-09-29 19:16:54',2,'inventory','Remove quantity','item',420,'quantity','1','0'),(446,'2023-09-29 19:16:54',2,'inventory','Add quantity','item',457,'quantity',NULL,'1'),(447,'2023-09-29 19:16:55',2,'inventory','Remove quantity','item',421,'quantity','1','0'),(448,'2023-09-29 19:16:55',2,'inventory','Add quantity','item',458,'quantity',NULL,'1'),(449,'2023-09-29 19:16:55',2,'inventory','Remove quantity','item',422,'quantity','1','0'),(450,'2023-09-29 19:16:55',2,'inventory','Add quantity','item',459,'quantity',NULL,'1'),(451,'2023-09-29 19:16:55',2,'inventory','Remove quantity','item',423,'quantity','1','0'),(452,'2023-09-29 19:16:55',2,'inventory','Add quantity','item',460,'quantity',NULL,'1'),(453,'2023-09-29 19:16:55',2,'inventory','Remove quantity','item',424,'quantity','1','0'),(454,'2023-09-29 19:16:55',2,'inventory','Add quantity','item',461,'quantity',NULL,'1'),(455,'2023-09-29 19:16:55',2,'inventory','Remove quantity','item',425,'quantity','1','0'),(456,'2023-09-29 19:16:55',2,'inventory','Add quantity','item',462,'quantity',NULL,'1'),(457,'2023-09-29 19:16:55',2,'inventory','Remove quantity','item',426,'quantity','1','0'),(458,'2023-09-29 19:16:55',2,'inventory','Add quantity','item',463,'quantity',NULL,'1'),(459,'2023-09-29 19:16:55',2,'inventory','Remove quantity','item',427,'quantity','1','0'),(460,'2023-09-29 19:16:55',2,'inventory','Add quantity','item',464,'quantity',NULL,'1'),(461,'2023-09-29 19:20:46',2,'inventory','Delete record','stock_label',130,'stock_id','1',NULL),(462,'2023-09-29 19:20:46',2,'inventory','Delete record','stock_label',131,'stock_id','1',NULL),(463,'2023-09-29 19:20:46',2,'inventory','New record','stock_label',168,'stock_id',NULL,'1'),(464,'2023-09-29 19:20:46',2,'inventory','New record','stock_label',169,'stock_id',NULL,'1'),(465,'2023-09-29 19:20:55',2,'inventory','Delete record','stock_label',168,'stock_id','1',NULL),(466,'2023-09-29 19:20:55',2,'inventory','Delete record','stock_label',169,'stock_id','1',NULL),(467,'2023-09-29 19:20:55',2,'inventory','New record','stock_label',170,'stock_id',NULL,'1'),(468,'2023-09-29 19:20:55',2,'inventory','New record','stock_label',171,'stock_id',NULL,'1'),(469,'2023-09-29 19:21:23',2,'inventory','Remove Quantity','cable_item',42,'quantity','4','3'),(470,'2023-09-29 19:26:55',2,'inventory','Remove Quantity','cable_item',42,'quantity','3','2'),(471,'2023-09-29 19:27:39',2,'inventory','Add Quantity','cable_item',42,'quantity','2','3'),(472,'2023-09-29 19:28:05',2,'inventory','Remove Quantity','cable_item',42,'quantity','3','2'),(473,'2023-09-29 19:29:18',2,'inventory','Remove Quantity','cable_item',43,'quantity','3','2'),(474,'2023-10-01 17:34:11',2,'inventory','Remove Quantity','cable_item',5,'quantity','1','0'),(475,'2023-10-01 17:40:31',2,'inventory','Add Quantity','cable_item',42,'quantity','2','3'),(476,'2023-10-01 17:40:34',2,'inventory','Add Quantity','cable_item',42,'quantity','3','4'),(477,'2023-10-01 19:38:06',2,'inventory','Add Quantity','cable_item',41,'quantity','49','50'),(478,'2023-10-01 19:38:54',2,'inventory','Add Quantity','cable_item',42,'quantity','4','5'),(479,'2023-10-01 19:40:12',2,'inventory','Add Quantity','cable_item',41,'quantity','50','51'),(480,'2023-10-01 19:40:18',2,'inventory','Add Quantity','cable_item',42,'quantity','5','6'),(481,'2023-10-01 19:43:52',2,'inventory','Add Quantity','cable_item',42,'quantity','6','7'),(482,'2023-10-01 19:44:10',2,'inventory','Add Quantity','cable_item',42,'quantity','7','8'),(483,'2023-10-01 19:45:06',2,'inventory','Add Quantity','cable_item',42,'quantity','8','9'),(484,'2023-10-01 19:45:45',2,'inventory','Add Quantity','cable_item',42,'quantity','9','10'),(485,'2023-10-01 19:46:01',2,'inventory','Add Quantity','cable_item',42,'quantity','10','11'),(486,'2023-10-01 19:50:09',2,'inventory','Add Quantity','cable_item',42,'quantity','11','12'),(487,'2023-10-05 01:33:48',2,'inventory','Theme Change','users',2,'theme','1','2'),(488,'2023-10-05 01:34:09',2,'inventory','Theme Change','users',2,'theme','2','3'),(489,'2023-10-05 01:34:45',2,'inventory','Theme Change','users',2,'theme','3','4'),(490,'2023-10-05 01:34:55',2,'inventory','Theme Change','users',2,'theme','4','1'),(491,'2023-10-05 01:35:08',2,'inventory','Update record','config',1,'default_theme','1','2'),(492,'2023-10-05 01:35:21',2,'inventory','Update record','config',1,'default_theme','2','1'),(493,'2023-10-08 06:49:25',2,'inventory','Update record','users',NULL,'card_primary',NULL,'17322435'),(494,'2023-10-08 06:55:08',2,'inventory','Update record','users',2,'card_secondary',NULL,'17322435'),(495,'2023-10-08 07:15:29',2,'inventory','Update record','users',2,'card_secondary','17322435',NULL),(496,'2023-10-08 07:15:33',2,'inventory','Update record','users',2,'card_primary','17322435',NULL),(497,'2023-10-08 07:16:55',2,'inventory','Update record','users',2,'card_primary',NULL,'17322435'),(498,'2023-10-08 07:16:58',2,'inventory','Update record','users',2,'card_secondary',NULL,'17322435'),(499,'2023-10-08 23:49:26',2,'inventory','Add Quantity','cable_item',43,'quantity','2','3'),(500,'2023-10-09 06:18:16',2,'inventory','Update record','users',0,'role_id','0','2'),(501,'2023-10-09 06:18:18',2,'inventory','Update record','users',0,'role_id','2','1'),(502,'2023-10-09 06:18:37',2,'inventory','Reset Password','users',0,'password','****','****'),(503,'2023-10-09 06:18:37',2,'inventory','Reset Password','users',0,'password_expired','0','1'),(504,'2023-10-09 06:18:50',2,'inventory','Update record','users',0,'role_id','1','0'),(505,'2023-10-12 03:01:36',2,'inventory','Update record','config',1,'smtp_port','587','587'),(506,'2023-10-12 03:01:36',2,'inventory','Update record','config',1,'smtp_from_name','Inventory System','CDC Stock'),(507,'2023-10-12 03:03:46',2,'inventory','Update record','config',1,'base_url','inventory.ajrich.co.uk','inventory-dev.ajrich.co.uk'),(508,'2023-10-12 03:03:47',2,'inventory','Update record','config',1,'default_theme','1','1'),(509,'2023-10-12 03:18:08',2,'inventory','Add Quantity','cable_item',43,'quantity','3','4'),(510,'2023-10-12 03:37:20',2,'inventory','Add Quantity','cable_item',42,'quantity','16','17'),(511,'2023-10-12 03:37:29',2,'inventory','Add Quantity','cable_item',43,'quantity','4','5'),(512,'2023-10-12 03:38:23',2,'inventory','Add Quantity','cable_item',43,'quantity','5','6'),(513,'2023-10-12 03:47:46',2,'inventory','Add Quantity','cable_item',41,'quantity','51','52'),(514,'2023-10-12 23:51:11',2,'inventory','Theme Change','users',2,'theme','1','2'),(515,'2023-10-12 23:55:42',2,'inventory','Theme Change','users',2,'theme','2','1'),(516,'2023-10-17 22:48:10',2,'inventory','Update record','notifications',1,'enabled','1','0'),(517,'2023-10-17 22:48:12',2,'inventory','Update record','notifications',1,'enabled','0','1'),(518,'2023-10-19 02:23:34',2,'inventory','Update record','item',118,'serial_number','','1234'),(519,'2023-10-27 01:44:01',2,'inventory','Update record','notifications',NULL,'enabled',NULL,'1'),(520,'2023-10-27 01:44:59',2,'inventory','Update record','notifications',NULL,'enabled',NULL,'1'),(521,'2023-10-27 01:49:29',2,'inventory','Update record','label',11,'deleted','0','1'),(522,'2023-10-27 01:49:32',2,'inventory','Update record','manufacturer',6,'deleted','0','1'),(523,'2023-10-31 12:13:19',2,'inventory','Update record','label',10,'deleted','0','1'),(524,'2023-10-31 13:15:41',2,'inventory','Update record','label',10,'deleted','1','0'),(525,'2023-10-31 13:22:11',2,'inventory','Update record','manufacturer',6,'deleted','0','1'),(526,'2023-10-31 13:23:59',2,'inventory','Update record','manufacturer',6,'deleted','1','0'),(527,'2023-10-31 13:28:05',2,'inventory','Update record','manufacturer',6,'deleted','0','1'),(528,'2023-10-31 13:28:19',2,'inventory','Update record','manufacturer',6,'deleted','1','0'),(529,'2023-10-31 14:06:09',2,'inventory','Update record','manufacturer',6,'deleted','0','1'),(530,'2023-10-31 14:06:12',2,'inventory','Update record','manufacturer',6,'deleted','1','0'),(531,'2023-10-31 14:31:50',2,'inventory','New record','stock',124,'name',NULL,'Deleted Large Desc'),(532,'2023-10-31 14:31:50',2,'inventory','New record','stock_img',72,'image',NULL,'stock-124-img-311023143150.jpg'),(533,'2023-10-31 14:31:50',2,'inventory','New record','stock_label',172,'stock_id',NULL,'124'),(534,'2023-10-31 14:31:50',2,'inventory','New record','item',465,'stock_id',NULL,'124'),(535,'2023-10-31 14:37:18',2,'inventory','Remove quantity','item',465,'quantity','1','0'),(536,'2023-10-31 14:37:42',2,'inventory','Delete record','stock_img',465,'stock_id','124',NULL),(537,'2023-10-31 14:37:42',2,'inventory','Delete record','stock_label',172,'stock_id','124',NULL),(538,'2023-10-31 14:37:42',2,'inventory','Delete record','stock',124,'deleted','0','1'),(539,'2023-10-31 14:39:43',2,'inventory','New record','stock',125,'name',NULL,'Deleted Small Desc'),(540,'2023-10-31 14:39:43',2,'inventory','New record','stock_label',173,'stock_id',NULL,'125'),(541,'2023-10-31 14:39:43',2,'inventory','New record','item',466,'stock_id',NULL,'125'),(542,'2023-10-31 14:39:56',2,'inventory','Remove quantity','item',466,'quantity','1','0'),(543,'2023-10-31 14:40:02',2,'inventory','Delete record','stock_label',173,'stock_id','125',NULL),(544,'2023-10-31 14:40:02',2,'inventory','Delete record','stock',125,'deleted','0','1'),(545,'2023-10-31 14:51:54',2,'inventory','Update record','stock',125,'deleted','1','0'),(546,'2023-10-31 14:52:07',2,'inventory','Delete record','stock',125,'deleted','0','1'),(547,'2023-10-31 14:52:12',2,'inventory','Update record','stock',124,'deleted','1','0'),(548,'2023-10-31 14:54:50',2,'inventory','New record','stock_img',73,'image',NULL,'stock-124-img-311023143150.jpg'),(549,'2023-10-31 15:05:13',2,'inventory','Delete record','stock_img',465,'stock_id','124',NULL),(550,'2023-10-31 15:05:13',2,'inventory','Delete record','stock',124,'deleted','0','1'),(551,'2023-10-31 15:05:42',2,'inventory','Update record','stock',124,'deleted','1','0'),(552,'2023-10-31 15:11:38',2,'inventory','New record','stock_img',74,'image',NULL,'stock-124-img-311023143150.jpg'),(553,'2023-10-31 15:21:43',2,'inventory','New record','label',12,'name',NULL,'Palo Alto'),(554,'2023-10-31 15:22:15',2,'inventory','Update record','label',12,'deleted','0','1'),(555,'2023-10-31 15:22:45',2,'inventory','Update record','notifications',6,'enabled','1','0'),(556,'2023-10-31 15:22:48',2,'inventory','Update record','notifications',5,'enabled','1','0'),(557,'2023-10-31 15:43:34',2,'inventory','New record','stock',126,'name',NULL,'6500'),(558,'2023-10-31 15:43:34',2,'inventory','New record','stock_img',75,'image',NULL,'stock-126-img-311023154334.jpg'),(559,'2023-10-31 15:43:34',2,'inventory','New record','stock_label',174,'stock_id',NULL,'126'),(560,'2023-10-31 15:43:34',2,'inventory','New record','item',467,'stock_id',NULL,'126'),(561,'2023-10-31 15:51:30',2,'inventory','New record','stock',127,'name',NULL,'rwra'),(562,'2023-10-31 15:51:30',2,'inventory','New record','stock_label',175,'stock_id',NULL,'127'),(563,'2023-10-31 15:51:30',2,'inventory','New record','item',468,'stock_id',NULL,'127'),(564,'2023-10-31 15:56:46',2,'inventory','Delete record','stock_label',174,'stock_id','126',NULL),(565,'2023-10-31 15:56:46',2,'inventory','New record','stock_label',176,'stock_id',NULL,'126'),(566,'2023-10-31 15:57:01',2,'inventory','New record','stock',128,'name',NULL,'123'),(567,'2023-10-31 15:57:01',2,'inventory','New record','item',469,'stock_id',NULL,'128'),(568,'2023-10-31 15:57:54',2,'inventory','Delete record','stock_label',176,'stock_id','126',NULL),(569,'2023-10-31 15:57:54',2,'inventory','New record','stock_label',177,'stock_id',NULL,'126'),(570,'2023-10-31 16:08:27',2,'inventory','Remove quantity','item',468,'quantity','1','0'),(571,'2023-10-31 16:08:44',2,'inventory','Delete record','stock_label',175,'stock_id','127',NULL),(572,'2023-10-31 16:08:44',2,'inventory','Delete record','stock',127,'deleted','0','1'),(573,'2023-10-31 16:10:27',2,'inventory','Update record','config',1,'default_theme','1','2'),(574,'2023-10-31 16:10:47',2,'inventory','Update record','config',1,'default_theme','2','4'),(575,'2023-10-31 16:10:49',2,'inventory','Update record','config',1,'default_theme','4','1'),(576,'2023-10-31 16:10:53',2,'inventory','Theme Change','users',2,'theme','1','2'),(577,'2023-10-31 16:11:05',2,'inventory','Theme Change','users',2,'theme','2','1'),(578,'2023-11-01 09:21:10',2,'inventory','Remove quantity','item',469,'quantity','1','0'),(579,'2023-11-01 09:21:20',2,'inventory','Delete record','stock',128,'deleted','0','1'),(580,'2023-11-01 11:16:46',2,'inventory','Update record','stock',128,'deleted','1','0'),(581,'2023-11-01 11:17:25',2,'inventory','Delete record','stock',128,'deleted','0','1'),(582,'2023-11-01 11:18:22',2,'inventory','Update record','stock',128,'deleted','1','0'),(583,'2023-11-01 11:18:31',2,'inventory','Delete record','stock',128,'deleted','0','1'),(584,'2023-11-01 11:21:07',2,'inventory','Delete record','stock_img',465,'stock_id','124',NULL),(585,'2023-11-01 11:21:07',2,'inventory','Delete record','stock',124,'deleted','0','1'),(586,'2023-11-01 12:02:30',2,'inventory','Update record','stock',128,'deleted','1','0'),(587,'2023-11-01 12:03:24',2,'inventory','Update record','stock',127,'deleted','1','0'),(588,'2023-11-01 12:05:15',2,'inventory','Update record','stock',125,'deleted','1','0'),(589,'2023-11-01 12:06:37',2,'inventory','Update record','stock',124,'deleted','1','0'),(590,'2023-11-01 12:08:39',2,'inventory','Delete record','stock',124,'deleted','0','1'),(591,'2023-11-01 12:08:46',2,'inventory','Update record','stock',124,'deleted','1','0'),(592,'2023-11-01 13:47:55',2,'inventory','Delete record','stock',127,'deleted','0','1'),(593,'2023-11-01 14:34:46',2,'inventory','Update record','stock',127,'deleted','1','0'),(594,'2023-11-01 14:35:42',2,'inventory','Delete record','stock',127,'deleted','0','1'),(595,'2023-11-01 14:36:25',2,'inventory','Delete record','stock',125,'deleted','0','1'),(596,'2023-11-01 14:36:42',2,'inventory','Delete record','stock',128,'deleted','0','1'),(597,'2023-11-01 14:36:57',2,'inventory','Delete record','stock',124,'deleted','0','1'),(598,'2023-11-01 15:26:13',2,'inventory','Update record','notifications',9,'enabled','1','0'),(599,'2023-11-01 15:26:13',2,'inventory','Update record','notifications',5,'enabled','1','0'),(600,'2023-11-01 15:26:13',2,'inventory','Update record','notifications',1,'enabled','1','0'),(601,'2023-11-01 15:26:14',2,'inventory','Update record','notifications',2,'enabled','1','0'),(602,'2023-11-01 15:26:15',2,'inventory','Update record','notifications',3,'enabled','1','0'),(603,'2023-11-01 15:26:16',2,'inventory','Update record','notifications',4,'enabled','1','0'),(604,'2023-11-01 15:26:17',2,'inventory','Update record','notifications',8,'enabled','1','0');
/*!40000 ALTER TABLE `changelog` ENABLE KEYS */;
UNLOCK TABLES;

--
-- Table structure for table `config`
--

DROP TABLE IF EXISTS `config`;
/*!40101 SET @saved_cs_client     = @@character_set_client */;
/*!50503 SET character_set_client = utf8mb4 */;
CREATE TABLE `config` (
  `id` int NOT NULL AUTO_INCREMENT,
  `banner_color` text CHARACTER SET utf8mb3 COLLATE utf8mb3_unicode_ci,
  `logo_image` text CHARACTER SET utf8mb3 COLLATE utf8mb3_unicode_ci,
  `favicon_image` text CHARACTER SET utf8mb3 COLLATE utf8mb3_unicode_ci,
  `ldap_enabled` tinyint DEFAULT NULL,
  `ldap_username` text CHARACTER SET utf8mb3 COLLATE utf8mb3_unicode_ci,
  `ldap_password` longtext CHARACTER SET utf8mb3 COLLATE utf8mb3_unicode_ci,
  `ldap_domain` text CHARACTER SET utf8mb3 COLLATE utf8mb3_unicode_ci,
  `ldap_host` text CHARACTER SET utf8mb3 COLLATE utf8mb3_unicode_ci,
  `ldap_port` int DEFAULT NULL,
  `ldap_basedn` text CHARACTER SET utf8mb3 COLLATE utf8mb3_unicode_ci,
  `ldap_usergroup` text CHARACTER SET utf8mb3 COLLATE utf8mb3_unicode_ci,
  `ldap_userfilter` text CHARACTER SET utf8mb3 COLLATE utf8mb3_unicode_ci,
  `currency` text CHARACTER SET utf8mb3 COLLATE utf8mb3_unicode_ci,
  `sku_prefix` text CHARACTER SET utf8mb3 COLLATE utf8mb3_unicode_ci,
  `smtp_host` text CHARACTER SET utf8mb3 COLLATE utf8mb3_unicode_ci,
  `smtp_port` int DEFAULT NULL,
  `smtp_encryption` text CHARACTER SET utf8mb3 COLLATE utf8mb3_unicode_ci,
  `smtp_password` longtext CHARACTER SET utf8mb3 COLLATE utf8mb3_unicode_ci,
  `smtp_from_email` text CHARACTER SET utf8mb3 COLLATE utf8mb3_unicode_ci,
  `smtp_from_name` text CHARACTER SET utf8mb3 COLLATE utf8mb3_unicode_ci,
  `smtp_to_email` text CHARACTER SET utf8mb3 COLLATE utf8mb3_unicode_ci,
  `smtp_username` longtext CHARACTER SET utf8mb3 COLLATE utf8mb3_unicode_ci,
  `system_name` text CHARACTER SET utf8mb3 COLLATE utf8mb3_unicode_ci,
  `ldap_host_secondary` text CHARACTER SET utf8mb3 COLLATE utf8mb3_unicode_ci,
  `base_url` text CHARACTER SET utf8mb3 COLLATE utf8mb3_unicode_ci,
  `smtp_enabled` tinyint(1) DEFAULT '0',
  `default_theme_id` int NOT NULL DEFAULT '1',
  PRIMARY KEY (`id`)
) ENGINE=InnoDB AUTO_INCREMENT=2 DEFAULT CHARSET=utf8mb3 COLLATE=utf8mb3_unicode_ci;
/*!40101 SET character_set_client = @saved_cs_client */;

--
-- Dumping data for table `config`
--

LOCK TABLES `config` WRITE;
/*!40000 ALTER TABLE `config` DISABLE KEYS */;
INSERT INTO `config` VALUES (1,'#72BE2A','custom/160923231839-cdc-favicon.png','custom/160923231839-cdc-favicon.png',1,'ldapauth','RHJvcHNCdWlsZHNTa2lsbDEyISE=','ajrich.co.uk','10.0.2.5',389,'DC=ajrich,DC=co,DC=uk','cn=Users','(objectClass=User)','£','STOCK-','mail.ajrich.co.uk',587,'starttls','RGVtb1Bhc3MxIQ==','inventory@ajrich.co.uk','CDC Stock','inventory@ajrich.co.uk','inventory@ajrich.co.uk','CDC Stock','10.0.2.6','inventory-dev.ajrich.co.uk',1,1);
/*!40000 ALTER TABLE `config` ENABLE KEYS */;
UNLOCK TABLES;

--
-- Table structure for table `config_default`
--

DROP TABLE IF EXISTS `config_default`;
/*!40101 SET @saved_cs_client     = @@character_set_client */;
/*!50503 SET character_set_client = utf8mb4 */;
CREATE TABLE `config_default` (
  `id` int NOT NULL AUTO_INCREMENT,
  `banner_color` text CHARACTER SET utf8mb3 COLLATE utf8mb3_unicode_ci NOT NULL,
  `logo_image` text CHARACTER SET utf8mb3 COLLATE utf8mb3_unicode_ci NOT NULL,
  `favicon_image` text CHARACTER SET utf8mb3 COLLATE utf8mb3_unicode_ci NOT NULL,
  `ldap_enabled` tinyint DEFAULT NULL,
  `ldap_username` text CHARACTER SET utf8mb3 COLLATE utf8mb3_unicode_ci,
  `ldap_password` longtext CHARACTER SET utf8mb3 COLLATE utf8mb3_unicode_ci,
  `ldap_domain` text CHARACTER SET utf8mb3 COLLATE utf8mb3_unicode_ci,
  `ldap_host` text CHARACTER SET utf8mb3 COLLATE utf8mb3_unicode_ci,
  `ldap_port` int DEFAULT NULL,
  `ldap_basedn` text CHARACTER SET utf8mb3 COLLATE utf8mb3_unicode_ci,
  `ldap_usergroup` text CHARACTER SET utf8mb3 COLLATE utf8mb3_unicode_ci,
  `ldap_userfilter` text CHARACTER SET utf8mb3 COLLATE utf8mb3_unicode_ci,
  `currency` text CHARACTER SET utf8mb3 COLLATE utf8mb3_unicode_ci,
  `sku_prefix` text CHARACTER SET utf8mb3 COLLATE utf8mb3_unicode_ci,
  `smtp_host` text CHARACTER SET utf8mb3 COLLATE utf8mb3_unicode_ci,
  `smtp_port` int DEFAULT NULL,
  `smtp_encryption` text CHARACTER SET utf8mb3 COLLATE utf8mb3_unicode_ci,
  `smtp_password` longtext CHARACTER SET utf8mb3 COLLATE utf8mb3_unicode_ci,
  `smtp_from_email` text CHARACTER SET utf8mb3 COLLATE utf8mb3_unicode_ci,
  `smtp_from_name` text CHARACTER SET utf8mb3 COLLATE utf8mb3_unicode_ci,
  `smtp_to_email` text CHARACTER SET utf8mb3 COLLATE utf8mb3_unicode_ci,
  `smtp_username` longtext CHARACTER SET utf8mb3 COLLATE utf8mb3_unicode_ci,
  `system_name` text CHARACTER SET utf8mb3 COLLATE utf8mb3_unicode_ci,
  `ldap_host_secondary` text CHARACTER SET utf8mb3 COLLATE utf8mb3_unicode_ci,
  `base_url` text CHARACTER SET utf8mb3 COLLATE utf8mb3_unicode_ci,
  `smtp_enabled` tinyint(1) DEFAULT '0',
  `default_theme_id` int NOT NULL DEFAULT '1',
  PRIMARY KEY (`id`)
) ENGINE=InnoDB AUTO_INCREMENT=2 DEFAULT CHARSET=utf8mb3 COLLATE=utf8mb3_unicode_ci;
/*!40101 SET character_set_client = @saved_cs_client */;

--
-- Dumping data for table `config_default`
--

LOCK TABLES `config_default` WRITE;
/*!40000 ALTER TABLE `config_default` DISABLE KEYS */;
INSERT INTO `config_default` VALUES (1,'#E1B12C','default/default-logo.png','default/default-favicon.png',1,'ldapauth','RHJvcHNCdWlsZHNTa2lsbDEyISE=','ajrich.co.uk','10.0.2.2',389,'DC=ajrich,DC=co,DC=uk','cn=Users','(objectClass=User)','£','ITEM-','mail.ajrich.co.uk',587,'starttls','RGVtb1Bhc3MxIQ==','inventory@ajrich.co.uk','StockBase','inventory@ajrich.co.uk','inventory@ajrich.co.uk','StockBase','10.0.2.2','stockbase.ajrich.co.uk',0,1);
/*!40000 ALTER TABLE `config_default` ENABLE KEYS */;
UNLOCK TABLES;

--
-- Table structure for table `item`
--

DROP TABLE IF EXISTS `item`;
/*!40101 SET @saved_cs_client     = @@character_set_client */;
/*!50503 SET character_set_client = utf8mb4 */;
CREATE TABLE `item` (
  `id` bigint NOT NULL AUTO_INCREMENT,
  `stock_id` bigint NOT NULL,
  `upc` text CHARACTER SET utf8mb3 COLLATE utf8mb3_unicode_ci,
  `quantity` int NOT NULL DEFAULT '0',
  `cost` decimal(10,0) DEFAULT '0',
  `serial_number` text CHARACTER SET utf8mb3 COLLATE utf8mb3_unicode_ci,
  `comments` longtext CHARACTER SET utf8mb3 COLLATE utf8mb3_unicode_ci,
  `manufacturer_id` bigint DEFAULT NULL,
  `shelf_id` int NOT NULL DEFAULT '0',
  `deleted` tinyint(1) DEFAULT '0',
  PRIMARY KEY (`id`)
) ENGINE=InnoDB AUTO_INCREMENT=470 DEFAULT CHARSET=utf8mb3 COLLATE=utf8mb3_unicode_ci;
/*!40101 SET character_set_client = @saved_cs_client */;

--
-- Dumping data for table `item`
--

LOCK TABLES `item` WRITE;
/*!40000 ALTER TABLE `item` DISABLE KEYS */;
INSERT INTO `item` VALUES (1,1,'',0,60,'','',1,1,1),(3,3,'',1,70,'','Staff Rack',2,2,0),(13,26,'',1,0,'','',NULL,1,0),(14,27,'',1,0,'','',NULL,2,0),(23,31,'',1,30,'','',5,3,0),(28,2,'',1,0,'','',2,3,0),(64,1,'',0,0,'','',1,9,1),(65,1,'',0,69,'','',1,7,1),(67,1,'',0,0,'','',1,8,1),(68,1,'',1,0,'testing','',1,1,0),(71,1,'',0,1,'','',1,3,1),(72,1,'',0,0,'','',1,3,1),(73,1,'',0,69,'','',1,10,1),(74,1,'',0,69,'','',1,2,1),(85,86,'',1,0,'','',1,1,0),(86,87,'',1,0,'','',1,1,0),(87,88,'',1,0,'','',1,1,0),(88,89,'',1,0,'','',1,1,0),(89,90,'',1,0,'','',1,1,0),(90,5,'',1,0,'','',1,1,0),(118,118,'',1,0,'1234','',1,17,0),(124,1,'',0,69,'','',1,17,1),(125,1,'',0,0,'','',3,4,1),(129,1,'',0,0,'','',1,11,1),(132,4,'',0,0,'','',2,17,1),(133,4,'',0,0,'','',2,17,1),(134,4,'',0,0,'','',2,17,1),(135,4,'',1,0,'testtest','',2,17,0),(136,4,'',1,0,'tests','',2,17,0),(137,4,'',1,0,'testtests','',2,17,0),(138,4,'',0,0,'','',2,17,1),(139,4,'',0,0,'','',2,17,1),(208,1,'',0,0,'','',1,9,1),(209,1,'',1,0,'','',1,9,0),(210,1,'',1,0,'','',1,9,0),(211,1,'',1,0,'','',1,9,0),(212,1,'',1,0,'','',1,9,0),(213,1,'',1,0,'','',1,9,0),(214,1,'',1,0,'','',1,9,0),(215,1,'',1,0,'','',1,9,0),(216,1,'',1,0,'','',1,9,0),(217,1,'',1,0,'','',1,9,0),(218,1,'',1,0,'','',1,9,0),(219,1,'',1,0,'','',1,9,0),(220,1,'',1,0,'','',1,9,0),(221,1,'',1,0,'','',1,9,0),(222,1,'',1,0,'','',1,9,0),(223,1,'',1,0,'','',1,9,0),(224,1,'',1,0,'','',1,9,0),(225,1,'',1,0,'','',1,9,0),(226,1,'',1,0,'','',1,9,0),(227,1,'',1,0,'','',1,9,0),(228,1,'',1,0,'','',1,9,0),(229,1,'',1,0,'','',1,9,0),(230,1,'',1,0,'','',1,9,0),(231,1,'',1,0,'','',1,9,0),(232,1,'',1,0,'','',1,9,0),(233,1,'',1,0,'','',1,9,0),(234,1,'',1,0,'','',1,9,0),(235,1,'',1,0,'','',1,9,0),(236,1,'',1,0,'','',1,9,0),(237,1,'',1,0,'','',1,9,0),(238,1,'',1,0,'','',1,9,0),(239,1,'',1,0,'','',1,9,0),(240,1,'',1,0,'','',1,9,0),(241,1,'',1,0,'','',1,9,0),(242,1,'',1,0,'','',1,9,0),(243,1,'',1,0,'','',1,9,0),(244,1,'',1,0,'','',1,9,0),(245,1,'',1,0,'','',1,9,0),(246,1,'',1,0,'','',1,9,0),(247,1,'',1,0,'','',1,9,0),(248,1,'',1,0,'','',1,9,0),(249,1,'',1,0,'','',1,9,0),(250,1,'',1,0,'','',1,9,0),(251,1,'',1,0,'','',1,9,0),(252,1,'',1,0,'','',1,9,0),(253,1,'',1,0,'','',1,9,0),(254,1,'',1,0,'','',1,9,0),(255,1,'',1,0,'','',1,9,0),(256,1,'',1,0,'','',1,9,0),(257,1,'',1,0,'','',1,9,0),(258,1,'',1,0,'','',1,9,0),(259,1,'',1,0,'','',1,9,0),(260,1,'',1,0,'','',1,9,0),(261,1,'',1,0,'','',1,9,0),(262,1,'',1,0,'','',1,9,0),(263,1,'',1,0,'','',1,9,0),(264,1,'',1,0,'','',1,9,0),(265,1,'',1,0,'','',1,9,0),(266,1,'',1,0,'','',1,9,0),(267,1,'',1,0,'','',1,9,0),(268,1,'',1,0,'','',1,9,0),(269,1,'',1,0,'','',1,9,0),(270,1,'',0,69,'','',1,7,1),(271,1,'',0,69,'','',1,7,1),(272,1,'',0,69,'','',1,7,1),(273,1,'',0,69,'','',1,7,1),(274,1,'',0,69,'','',1,7,1),(275,1,'',0,69,'','',1,7,1),(276,1,'',0,69,'','',1,7,1),(277,1,'',0,69,'','',1,7,1),(278,1,'',0,69,'','',1,7,1),(279,1,'',0,69,'','',1,7,1),(280,1,'',0,69,'','',1,7,1),(281,1,'',0,69,'','',1,7,1),(282,1,'',0,69,'','',1,7,1),(283,1,'',0,69,'','',1,7,1),(284,1,'',0,69,'','',1,7,1),(285,1,'',0,69,'','',1,7,1),(286,1,'',0,69,'','',1,7,1),(287,1,'',0,69,'','',1,7,1),(288,1,'',0,69,'','',1,7,1),(289,1,'',0,69,'','',1,7,1),(290,1,'',0,69,'','',1,7,1),(291,1,'',0,69,'','',1,7,1),(292,1,'',0,69,'','',1,7,1),(293,1,'',0,69,'','',1,7,1),(294,1,'',0,69,'','',1,7,1),(295,1,'',0,69,'','',1,7,1),(296,1,'',0,69,'','',1,7,1),(297,1,'',0,69,'','',1,7,1),(298,1,'',0,69,'','',1,7,1),(299,1,'',0,69,'','',1,7,1),(300,1,'',0,69,'','',1,7,1),(301,1,'',0,69,'','',1,7,1),(302,1,'',0,69,'','',1,7,1),(303,1,'',0,69,'','',1,7,1),(304,1,'',0,69,'','',1,7,1),(305,1,'',0,69,'','',1,7,1),(306,1,'',0,69,'','',1,7,1),(307,1,'',0,69,'','',1,7,1),(308,1,'',0,69,'','',1,7,1),(309,1,'',0,69,'','',1,7,1),(310,1,'',0,69,'','',1,7,1),(311,1,'',0,69,'','',1,7,1),(312,1,'',0,69,'','',1,7,1),(313,1,'',0,69,'','',1,7,1),(314,1,'',0,69,'','',1,7,1),(315,1,'',0,69,'','',1,7,1),(316,1,'',0,69,'','',1,7,1),(317,1,'',0,69,'','',1,7,1),(318,1,'',0,69,'','',1,7,1),(319,1,'',0,69,'','',1,7,1),(320,1,'',0,69,'','',1,7,1),(321,1,'',0,69,'','',1,7,1),(322,1,'',1,69,'','',1,7,0),(323,1,'',1,69,'','',1,7,0),(324,1,'',1,69,'','',1,7,0),(325,1,'',1,69,'','',1,7,0),(326,1,'',1,69,'','',1,7,0),(327,1,'',1,69,'','',1,7,0),(328,1,'',1,69,'','',1,7,0),(329,1,'',1,69,'','',1,7,0),(330,1,'',1,69,'','',1,7,0),(331,1,'',1,69,'','',1,7,0),(332,1,'',1,69,'','',1,7,0),(333,1,'',1,69,'','',1,7,0),(334,1,'',1,69,'','',1,7,0),(335,1,'',1,69,'','',1,7,0),(336,1,'',1,69,'','',1,7,0),(337,1,'',1,69,'','',1,7,0),(338,1,'',1,69,'','',1,7,0),(339,1,'',1,69,'','',1,7,0),(340,1,'',1,69,'','',1,7,0),(341,1,'',1,69,'','',1,7,0),(342,1,'',1,69,'','',1,7,0),(343,1,'',1,69,'','',1,7,0),(344,1,'',1,69,'','',1,7,0),(345,1,'',1,69,'','',1,7,0),(346,1,'',1,69,'','',1,7,0),(347,1,'',1,69,'','',1,7,0),(348,1,'',1,69,'','',1,7,0),(349,1,'',1,69,'','',1,7,0),(350,1,'',1,69,'','',1,7,0),(351,1,'',1,69,'','',1,7,0),(352,1,'',1,69,'','',1,7,0),(353,1,'',1,69,'','',1,7,0),(354,1,'',1,69,'','',1,7,0),(355,1,'',1,69,'','',1,7,0),(356,1,'',1,69,'','',1,7,0),(357,1,'',1,69,'','',1,7,0),(358,1,'',1,69,'','',1,7,0),(359,1,'',1,69,'','',1,7,0),(360,1,'',1,0,'','',1,8,0),(361,1,'',1,0,'','',1,8,0),(362,1,'',1,0,'','',1,8,0),(363,1,'',1,0,'','',1,8,0),(364,1,'',1,0,'','',1,8,0),(365,1,'',1,0,'','',1,8,0),(366,1,'',1,0,'','',1,8,0),(367,1,'',1,0,'','',1,8,0),(368,1,'',1,0,'','',1,8,0),(369,1,'',1,1,'','',1,3,0),(370,1,'',1,1,'','',1,3,0),(371,1,'',1,0,'','',1,3,0),(372,1,'',1,69,'','',1,10,0),(373,1,'',1,69,'','',1,10,0),(374,1,'',1,69,'','',1,10,0),(375,1,'',1,69,'','',1,10,0),(376,1,'',1,69,'','',1,10,0),(377,1,'',1,69,'','',1,10,0),(378,1,'',1,69,'','',1,10,0),(379,1,'',1,69,'','',1,10,0),(380,1,'',1,69,'','',1,10,0),(381,1,'',1,69,'','',1,10,0),(382,1,'',1,69,'','',1,10,0),(383,1,'',1,69,'','',1,10,0),(384,1,'',1,69,'','',1,10,0),(385,1,'',1,69,'','',1,10,0),(386,1,'',1,69,'','',1,10,0),(387,1,'',1,69,'','',1,10,0),(388,1,'',1,69,'','',1,10,0),(389,1,'',1,69,'','',1,10,0),(390,1,'',0,69,'','',1,2,1),(391,1,'',1,69,'','',1,17,0),(392,1,'',1,69,'','',1,17,0),(393,1,'',1,69,'','test',1,17,0),(394,4,'',0,0,'','',2,10,1),(395,4,'',0,0,'','',2,10,1),(396,4,'',1,0,'','',2,17,0),(397,4,'',1,0,'','',2,17,0),(398,4,'',0,0,'','',2,4,1),(399,4,'',0,0,'','',2,4,1),(400,4,'',0,0,'','',2,4,1),(401,4,'',1,0,'','',2,17,0),(402,4,'',1,0,'','',2,17,0),(403,4,'',1,0,'','',2,17,0),(404,1,'',1,69,'','',1,1,0),(405,1,'',1,69,'','',1,17,0),(406,1,'',1,69,'','',1,17,0),(407,1,'',1,69,'','',1,17,0),(408,1,'',1,69,'','',1,17,0),(409,1,'',1,69,'','',1,17,0),(410,1,'',1,69,'','',1,17,0),(411,1,'',1,69,'','',1,17,0),(412,1,'',1,69,'','',1,17,0),(413,1,'',1,69,'','',1,17,0),(414,1,'',1,69,'','',1,17,0),(415,1,'',1,69,'','',1,17,0),(416,1,'',1,69,'','',1,17,0),(417,1,'',0,0,'','',1,7,1),(418,1,'',0,0,'','',1,7,1),(419,1,'',0,0,'','',1,7,1),(420,1,'',0,0,'','',1,7,1),(421,1,'',0,0,'','',1,7,1),(422,1,'',0,0,'','',1,7,1),(423,1,'',0,0,'','',1,7,1),(424,1,'',0,0,'','',1,7,1),(425,1,'',0,0,'','',1,7,1),(426,1,'',0,0,'','',1,7,1),(427,1,'',0,0,'','',1,7,1),(428,1,'',1,0,'','',1,7,0),(429,1,'',1,0,'','',1,7,0),(430,1,'',1,0,'','',1,7,0),(431,1,'',1,0,'','',1,7,0),(432,1,'',1,0,'','',1,7,0),(433,1,'',1,0,'','',1,7,0),(434,1,'',1,0,'','',1,7,0),(435,1,'',1,0,'','',1,7,0),(436,1,'',1,0,'','',1,7,0),(437,1,'',1,0,'','',1,7,0),(438,1,'',1,0,'','',1,7,0),(439,1,'',1,0,'','',1,7,0),(440,1,'',1,0,'','',1,7,0),(441,1,'',1,0,'','',1,7,0),(442,1,'',1,0,'','',1,7,0),(443,1,'',1,0,'','',1,7,0),(444,1,'',1,0,'','',1,7,0),(445,1,'',1,0,'','',1,7,0),(446,1,'',1,0,'','',1,7,0),(447,1,'',1,0,'','',1,7,0),(448,1,'',1,0,'','',1,7,0),(449,1,'',1,0,'','',1,7,0),(450,1,'',1,0,'','',1,7,0),(451,1,'',1,0,'','',1,7,0),(452,1,'',1,0,'','',1,7,0),(453,1,'',1,0,'','',1,7,0),(454,1,'',1,0,'','',1,17,0),(455,1,'',1,0,'','',1,17,0),(456,1,'',1,0,'','',1,17,0),(457,1,'',1,0,'','',1,17,0),(458,1,'',1,0,'','',1,17,0),(459,1,'',1,0,'','',1,17,0),(460,1,'',1,0,'','',1,17,0),(461,1,'',1,0,'','',1,17,0),(462,1,'',1,0,'','',1,17,0),(463,1,'',1,0,'','',1,17,0),(464,1,'',1,0,'','',1,17,0),(465,124,'',0,0,'','',1,17,1),(466,125,'',0,0,'','',1,17,1),(467,126,'',1,10000,'FOC1917NXC2','',1,1,0),(468,127,'',0,0,'','',1,17,1),(469,128,'',0,0,'','',2,17,1);
/*!40000 ALTER TABLE `item` ENABLE KEYS */;
UNLOCK TABLES;

--
-- Table structure for table `label`
--

DROP TABLE IF EXISTS `label`;
/*!40101 SET @saved_cs_client     = @@character_set_client */;
/*!50503 SET character_set_client = utf8mb4 */;
CREATE TABLE `label` (
  `id` bigint NOT NULL AUTO_INCREMENT,
  `name` text CHARACTER SET utf8mb3 COLLATE utf8mb3_unicode_ci NOT NULL,
  `deleted` tinyint(1) NOT NULL DEFAULT '0',
  PRIMARY KEY (`id`)
) ENGINE=InnoDB AUTO_INCREMENT=13 DEFAULT CHARSET=utf8mb3 COLLATE=utf8mb3_unicode_ci;
/*!40101 SET character_set_client = @saved_cs_client */;

--
-- Dumping data for table `label`
--

LOCK TABLES `label` WRITE;
/*!40000 ALTER TABLE `label` DISABLE KEYS */;
INSERT INTO `label` VALUES (1,'switch',0),(2,'router',0),(3,'cisco',0),(4,'Watchguard',0),(6,'test',0),(7,'Dell',0),(8,'HP',0),(9,'Apple',0),(10,'Samsung',0),(11,'Supermicro',0),(12,'Palo Alto',1);
/*!40000 ALTER TABLE `label` ENABLE KEYS */;
UNLOCK TABLES;

--
-- Table structure for table `manufacturer`
--

DROP TABLE IF EXISTS `manufacturer`;
/*!40101 SET @saved_cs_client     = @@character_set_client */;
/*!50503 SET character_set_client = utf8mb4 */;
CREATE TABLE `manufacturer` (
  `id` bigint NOT NULL AUTO_INCREMENT,
  `name` text CHARACTER SET utf8mb3 COLLATE utf8mb3_unicode_ci NOT NULL,
  `deleted` tinyint(1) NOT NULL DEFAULT '0',
  PRIMARY KEY (`id`)
) ENGINE=InnoDB AUTO_INCREMENT=7 DEFAULT CHARSET=utf8mb3 COLLATE=utf8mb3_unicode_ci;
/*!40101 SET character_set_client = @saved_cs_client */;

--
-- Dumping data for table `manufacturer`
--

LOCK TABLES `manufacturer` WRITE;
/*!40000 ALTER TABLE `manufacturer` DISABLE KEYS */;
INSERT INTO `manufacturer` VALUES (1,'Cisco',0),(2,'Dell',0),(3,'HP',0),(4,'Cyberoam',0),(5,'Watchguard',0),(6,'Supermicro',0);
/*!40000 ALTER TABLE `manufacturer` ENABLE KEYS */;
UNLOCK TABLES;

--
-- Table structure for table `notifications`
--

DROP TABLE IF EXISTS `notifications`;
/*!40101 SET @saved_cs_client     = @@character_set_client */;
/*!50503 SET character_set_client = utf8mb4 */;
CREATE TABLE `notifications` (
  `id` int NOT NULL AUTO_INCREMENT,
  `name` text COLLATE utf8mb3_unicode_ci NOT NULL,
  `title` text COLLATE utf8mb3_unicode_ci NOT NULL,
  `description` text COLLATE utf8mb3_unicode_ci,
  `enabled` tinyint(1) NOT NULL DEFAULT '1',
  PRIMARY KEY (`id`)
) ENGINE=InnoDB AUTO_INCREMENT=22 DEFAULT CHARSET=utf8mb3 COLLATE=utf8mb3_unicode_ci;
/*!40101 SET character_set_client = @saved_cs_client */;

--
-- Dumping data for table `notifications`
--

LOCK TABLES `notifications` WRITE;
/*!40000 ALTER TABLE `notifications` DISABLE KEYS */;
INSERT INTO `notifications` VALUES (0,'important','Important','Important notifications. These need to be enabled',1),(1,'stock-added','Stock Added','Adding stock to the system.',0),(2,'stock-removed','Stock Removed','Removing stock from the system.',0),(3,'stock-deleted','Stock Deleted','Deleting stock from the system.',0),(4,'stock-deleted-restore','Stock Restored','Restoring stock from deletion within the system.',0),(5,'stock-moved','Stock Moved','Moving stock within the system.',0),(6,'stock-edited','Stock Edited','Editing of stock details within the system.',0),(7,'stock-images','Stock Image Linking','Modification of stock image linking within the system.',0),(8,'cablestock-added','Fixed Stock Added','Adding fixed stock to the system.',0),(9,'cablestock-removed','Fixed Stock Removed','Removing fixed stock from the system.',0),(10,'minstock-warning','Minimum Stock Warnings','Warning for stock being below the minimum stock count.',1);
/*!40000 ALTER TABLE `notifications` ENABLE KEYS */;
UNLOCK TABLES;

--
-- Table structure for table `password_reset`
--

DROP TABLE IF EXISTS `password_reset`;
/*!40101 SET @saved_cs_client     = @@character_set_client */;
/*!50503 SET character_set_client = utf8mb4 */;
CREATE TABLE `password_reset` (
  `id` int NOT NULL AUTO_INCREMENT,
  `reset_user_id` int NOT NULL,
  `reset_selector` text NOT NULL,
  `reset_token` longtext NOT NULL,
  `reset_expires` text NOT NULL,
  PRIMARY KEY (`id`)
) ENGINE=InnoDB AUTO_INCREMENT=27 DEFAULT CHARSET=utf8mb4 COLLATE=utf8mb4_0900_ai_ci;
/*!40101 SET character_set_client = @saved_cs_client */;

--
-- Dumping data for table `password_reset`
--

LOCK TABLES `password_reset` WRITE;
/*!40000 ALTER TABLE `password_reset` DISABLE KEYS */;
INSERT INTO `password_reset` VALUES (26,0,'62507324ad29a0ec','$2y$10$3/x.nmbvH2TxuLTKgvLT2uf5riWhHK2UZUlxAOouPSIeupVtPZfzq','1696832233');
/*!40000 ALTER TABLE `password_reset` ENABLE KEYS */;
UNLOCK TABLES;

--
-- Table structure for table `shelf`
--

DROP TABLE IF EXISTS `shelf`;
/*!40101 SET @saved_cs_client     = @@character_set_client */;
/*!50503 SET character_set_client = utf8mb4 */;
CREATE TABLE `shelf` (
  `id` bigint NOT NULL AUTO_INCREMENT,
  `name` text CHARACTER SET utf8mb3 COLLATE utf8mb3_unicode_ci NOT NULL,
  `area_id` bigint NOT NULL,
  `deleted` tinyint(1) DEFAULT '0',
  PRIMARY KEY (`id`)
) ENGINE=InnoDB AUTO_INCREMENT=19 DEFAULT CHARSET=utf8mb3 COLLATE=utf8mb3_unicode_ci;
/*!40101 SET character_set_client = @saved_cs_client */;

--
-- Dumping data for table `shelf`
--

LOCK TABLES `shelf` WRITE;
/*!40000 ALTER TABLE `shelf` DISABLE KEYS */;
INSERT INTO `shelf` VALUES (1,'Shelf 1',1,0),(2,'Shelf 2',1,0),(3,'Shelf 3',1,0),(4,'Shelf A',2,0),(5,'Shelf B',2,0),(6,'Shelf C',2,0),(7,'Shelf 101',3,0),(8,'Shelf 102',3,0),(9,'Shelf 103',3,0),(10,'Shelf MMRA1',4,0),(11,'Shelf MMRA2',4,0),(12,'Shelf MMRA3',4,0),(17,'testShelf',5,0),(18,'deleteTest',5,1);
/*!40000 ALTER TABLE `shelf` ENABLE KEYS */;
UNLOCK TABLES;

--
-- Table structure for table `site`
--

DROP TABLE IF EXISTS `site`;
/*!40101 SET @saved_cs_client     = @@character_set_client */;
/*!50503 SET character_set_client = utf8mb4 */;
CREATE TABLE `site` (
  `id` bigint NOT NULL AUTO_INCREMENT,
  `name` text CHARACTER SET utf8mb3 COLLATE utf8mb3_unicode_ci NOT NULL,
  `description` longtext CHARACTER SET utf8mb3 COLLATE utf8mb3_unicode_ci,
  `deleted` tinyint(1) DEFAULT '0',
  PRIMARY KEY (`id`)
) ENGINE=InnoDB AUTO_INCREMENT=5 DEFAULT CHARSET=utf8mb3 COLLATE=utf8mb3_unicode_ci;
/*!40101 SET character_set_client = @saved_cs_client */;

--
-- Dumping data for table `site`
--

LOCK TABLES `site` WRITE;
/*!40000 ALTER TABLE `site` DISABLE KEYS */;
INSERT INTO `site` VALUES (1,'CDC ME14','Custodian Data Centers, Maidstone',0),(2,'CDC DA2','Custodian Data Centers, Dartford',0),(4,'TestSite','Test Site for Testing',0);
/*!40000 ALTER TABLE `site` ENABLE KEYS */;
UNLOCK TABLES;

--
-- Table structure for table `stock`
--

DROP TABLE IF EXISTS `stock`;
/*!40101 SET @saved_cs_client     = @@character_set_client */;
/*!50503 SET character_set_client = utf8mb4 */;
CREATE TABLE `stock` (
  `id` bigint NOT NULL AUTO_INCREMENT,
  `name` text CHARACTER SET utf8mb3 COLLATE utf8mb3_unicode_ci NOT NULL,
  `description` longtext CHARACTER SET utf8mb3 COLLATE utf8mb3_unicode_ci,
  `sku` text CHARACTER SET utf8mb3 COLLATE utf8mb3_unicode_ci NOT NULL,
  `min_stock` int DEFAULT '0',
  `is_cable` tinyint(1) NOT NULL DEFAULT '0',
  `deleted` tinyint(1) DEFAULT '0',
  PRIMARY KEY (`id`)
) ENGINE=InnoDB AUTO_INCREMENT=129 DEFAULT CHARSET=utf8mb3 COLLATE=utf8mb3_unicode_ci;
/*!40101 SET character_set_client = @saved_cs_client */;

--
-- Dumping data for table `stock`
--

LOCK TABLES `stock` WRITE;
/*!40000 ALTER TABLE `stock` DISABLE KEYS */;
INSERT INTO `stock` VALUES (1,'Cisco C3650X','Cisco Switch test','STOCK-00001',0,0,0),(2,'Dell r710','Dell r710 Server','STOCK-00002',0,0,0),(3,'Dell r610','Dell r610 Server','STOCK-00003',0,0,0),(4,'Dell r420','Dell r420 Server','DELL-R420-01',0,0,0),(5,'HP GL360p','HP Server GL360p','STOCK-00004',1,0,0),(6,'Cyberoam CR 50ia','Cyberoam CR 50ia Firewall','STOCK-00005',0,0,0),(31,'Watchguard Firebox M200','Watchguard Firebox M200 Firewall','WG-Firebox-01',0,0,0),(36,'Cat5e Red 1m','1m Cat5e Red Copper Cable','CABLE-0001',10,1,0),(37,'Cat5e Red 2m','Red Cat5e Cable 2m Pre-terminated','CABLE-0002',10,1,0),(38,'Cat5e Red 3m','Red Cat5e Cable 3m Pre-terminated','CABLE-0003',10,1,0),(39,'Cat5e Red 5m','Red Cat5e Cable 5m Pre-terminated','CABLE-0004',10,1,0),(40,'Cat5e Green 1m','Green Cat5e Cable 1m Pre-terminated','CABLE-0005',10,1,0),(41,'Cat5e Green 2m','Green Cat5e Cable 2m Pre-terminated','CABLE-0006',10,1,0),(42,'Cat5e Green 3m','Green Cat5e Cable 3m Pre-terminated','CABLE-0007',10,1,0),(43,'Cat5e Green 5m','Green Cat5e Cable 5m Pre-terminated','CABLE-0008',10,1,0),(44,'Cat5e Blue 1m','Blue Cat5e Cable 1m Pre-terminated','CABLE-0009',10,1,0),(45,'Cat5e Blue 2m','Blue Cat5e Cable 2m Pre-terminated','CABLE-0010',10,1,0),(46,'Cat5e Blue 3m','Blue Cat5e Cable 3m Pre-terminated','CABLE-0011',10,1,0),(47,'Cat5e Blue 5m','Blue Cat5e Cable 5m Pre-terminated','CABLE-0012',10,1,0),(48,'SM LC-LC 0.5m','Single Mode LC to LC fibre, 0.5m','CABLE-0013',5,1,0),(49,'SM LC-LC 1m','Single Mode LC to LC fibre, 0.1m','CABLE-0014',5,1,0),(50,'SM LC-LC 2m','Single Mode LC to LC fibre, 2m','CABLE-0015',5,1,0),(51,'SM LC-LC 3m','Single Mode LC to LC fibre, 3m','CABLE-0016',5,1,0),(52,'SM LC-LC 5m','Single Mode LC to LC fibre, 5m','CABLE-0017',5,1,0),(53,'SM LC-LC 10m','Single Mode LC to LC fibre, 10m','CABLE-0018',5,1,0),(54,'SM LC-LC 15m','Single Mode LC to LC fibre, 15m','CABLE-0019',5,1,0),(55,'SM LC-LC 20m','Single Mode LC to LC fibre, 20m','CABLE-0020',5,1,0),(56,'SM LC-LC 25m','Single Mode LC to LC fibre, 25m','CABLE-0021',5,1,0),(57,'MM LC-LC 0.5m','Single Mode LC to LC fibre, 0.5m','CABLE-0022',5,1,0),(58,'MM LC-LC 1m','Single Mode LC to LC fibre, 1m','CABLE-0023',5,1,0),(59,'MM LC-LC 2m','Single Mode LC to LC fibre, 2m','CABLE-0024',5,1,0),(60,'MM LC-LC 3m','Single Mode LC to LC fibre, 3m','CABLE-0025',5,1,0),(61,'MM LC-LC 5m','Single Mode LC to LC fibre, 5m','CABLE-0026',5,1,0),(62,'MM LC-LC 10m','Single Mode LC to LC fibre, 10m','CABLE-0027',5,1,0),(63,'MM LC-LC 15m','Single Mode LC to LC fibre, 15m','CABLE-0028',5,1,0),(64,'MM LC-LC 20m','Single Mode LC to LC fibre, 20m','CABLE-0029',5,1,0),(65,'MM LC-LC 25m','Single Mode LC to LC fibre, 25m','CABLE-0030',5,1,0),(66,'C13 to UK 3-pin 2m','C13 to UK 3-pin plug power cable, 2m','CABLE-0031',5,1,0),(67,'C13 to C14 0.5m','C13 to C14 power cable, 0.5m','CABLE-0032',5,1,0),(68,'C13 to C14 1m','C13 to C14 power cable, 1m','CABLE-0033',5,1,0),(69,'C13 to C14 2m','C13 to C14 power cable, 2m','CABLE-0034',5,1,0),(70,'C13 to C14 3m','C13 to C14 power cable, 3m','CABLE-0035',5,1,0),(71,'C13 to C14 5m','C13 to C14 power cable, 5m','CABLE-0036',5,1,0),(72,'C19 to C20 1m','C19 to C20 power cable, 1m','CABLE-0037',5,1,0),(73,'C19 to C20 2m','C19 to C20 power cable, 2m','CABLE-0038',5,1,0),(74,'C15 to UK 3-pin 2m','C19 to UK 3-pin power cable, 2m','CABLE-0038',5,1,0),(78,'Cat5e Black 1m','Black Cat5e Cable 1m Pre-terminated','CABLE-0039',10,1,0),(79,'Cat5e Black 2m','Black Cat5e Cable 2m Pre-terminated','CABLE-0040',10,1,0),(80,'Cat5e Black 3m','Black Cat5e Cable 3m Pre-terminated','CABLE-0041',10,1,0),(81,'Cat5e Black 5m','Black Cat5e Cable 5m Pre-terminated','CABLE-0042',10,1,0),(82,'C13 to C14 Y-Splitter 1m','C13 to C14 x2 Y-Splitter 1m Power Cable','CABLE-0043',5,1,0),(86,'paginationTest01','','STOCK-00006',0,0,0),(87,'paginationTest02','','STOCK-00007',0,0,0),(88,'paginationTest03','','STOCK-00008',0,0,0),(89,'paginationTest04','','STOCK-00009',0,0,0),(90,'paginationTest05','','STOCK-00010',0,0,0),(118,'SKU Test','used to test SKU increase','STOCK-00011',0,0,0),(124,'Deleted Large Desc','Testing deleted stock with a large description over 30 characters','deleted-large',1,0,1),(125,'Deleted Small Desc','small description','deleted-small',0,0,1),(126,'6500','Big switch init','STOCK-00012',1,0,0),(127,'rwra','qwr','STOCK-00013',0,0,1),(128,'123','','STOCK-00014',0,0,1);
/*!40000 ALTER TABLE `stock` ENABLE KEYS */;
UNLOCK TABLES;

--
-- Table structure for table `stock_img`
--

DROP TABLE IF EXISTS `stock_img`;
/*!40101 SET @saved_cs_client     = @@character_set_client */;
/*!50503 SET character_set_client = utf8mb4 */;
CREATE TABLE `stock_img` (
  `id` bigint NOT NULL AUTO_INCREMENT,
  `stock_id` text CHARACTER SET utf8mb3 COLLATE utf8mb3_unicode_ci NOT NULL,
  `image` text CHARACTER SET utf8mb3 COLLATE utf8mb3_unicode_ci NOT NULL,
  PRIMARY KEY (`id`)
) ENGINE=InnoDB AUTO_INCREMENT=76 DEFAULT CHARSET=utf8mb3 COLLATE=utf8mb3_unicode_ci;
/*!40101 SET character_set_client = @saved_cs_client */;

--
-- Dumping data for table `stock_img`
--

LOCK TABLES `stock_img` WRITE;
/*!40000 ALTER TABLE `stock_img` DISABLE KEYS */;
INSERT INTO `stock_img` VALUES (1,'1','stock-1-202304080200.jpg'),(2,'1','stock-1-202304080202.jpg'),(14,'2','stock-2-202304200141.jpg'),(15,'3','stock-3-202304200140.png'),(16,'4','stock-4-202304200139.jpg'),(17,'6','stock-6-202304200138.jpg'),(20,'31','stock-31-202305120648.jpeg'),(24,'31','stock-31-img-160523122013.jpg'),(25,'36','cat5e-red.jpg'),(26,'37','cat5e-red.jpg'),(27,'38','cat5e-red.jpg'),(28,'39','cat5e-red.jpg'),(29,'40','cat5e-green.jpg'),(30,'41','cat5e-green.jpg'),(31,'42','cat5e-green.jpg'),(32,'43','cat5e-green.jpg'),(33,'44','cat5e-blue.jpg'),(34,'45','cat5e-blue.jpg'),(35,'46','cat5e-blue.jpg'),(36,'47','cat5e-blue.jpg'),(37,'48','SM-LCLC.jpg'),(38,'49','SM-LCLC.jpg'),(39,'50','SM-LCLC.jpg'),(40,'51','SM-LCLC.jpg'),(41,'52','SM-LCLC.jpg'),(42,'53','SM-LCLC.jpg'),(43,'54','SM-LCLC.jpg'),(44,'55','SM-LCLC.jpg'),(45,'56','SM-LCLC.jpg'),(46,'57','MM-LCLC.jpg'),(47,'58','MM-LCLC.jpg'),(48,'59','MM-LCLC.jpg'),(49,'60','MM-LCLC.jpg'),(50,'61','MM-LCLC.jpg'),(51,'62','MM-LCLC.jpg'),(52,'63','MM-LCLC.jpg'),(53,'64','MM-LCLC.jpg'),(55,'66','C13-UK3pin.jpg'),(56,'67','C13-C14.jpg'),(57,'68','C13-C14.jpg'),(58,'69','C13-C14.jpg'),(59,'70','C13-C14.jpg'),(60,'71','C13-C14.jpg'),(61,'72','C19-C20.jpg'),(62,'73','C19-C20.jpg'),(63,'74','C15-UK3pin.jpg'),(64,'78','cat5e-black.jpg'),(65,'79','cat5e-black.jpg'),(66,'80','cat5e-black.jpg'),(67,'81','cat5e-black.jpg'),(68,'82','stock-82-img-150823055258.jpg'),(71,'65','MM-LCLC.jpg'),(75,'126','stock-126-img-311023154334.jpg');
/*!40000 ALTER TABLE `stock_img` ENABLE KEYS */;
UNLOCK TABLES;

--
-- Table structure for table `stock_label`
--

DROP TABLE IF EXISTS `stock_label`;
/*!40101 SET @saved_cs_client     = @@character_set_client */;
/*!50503 SET character_set_client = utf8mb4 */;
CREATE TABLE `stock_label` (
  `id` bigint NOT NULL AUTO_INCREMENT,
  `stock_id` bigint NOT NULL,
  `label_id` bigint DEFAULT NULL,
  PRIMARY KEY (`id`)
) ENGINE=InnoDB AUTO_INCREMENT=178 DEFAULT CHARSET=utf8mb3 COLLATE=utf8mb3_unicode_ci;
/*!40101 SET character_set_client = @saved_cs_client */;

--
-- Dumping data for table `stock_label`
--

LOCK TABLES `stock_label` WRITE;
/*!40000 ALTER TABLE `stock_label` DISABLE KEYS */;
INSERT INTO `stock_label` VALUES (86,31,2),(87,31,4),(108,32,6),(109,33,6),(110,34,6),(111,35,2),(132,86,6),(133,87,NULL),(134,88,NULL),(135,89,NULL),(136,90,NULL),(137,91,6),(138,92,6),(139,93,6),(140,94,6),(141,95,6),(142,96,6),(143,97,6),(144,98,6),(145,99,6),(146,100,6),(147,101,6),(148,102,6),(149,103,6),(150,104,6),(151,105,6),(152,106,6),(153,107,6),(154,108,6),(155,109,6),(156,110,6),(157,111,6),(158,112,6),(159,113,6),(160,114,6),(161,115,6),(162,116,6),(163,117,6),(164,118,6),(170,1,1),(171,1,3),(177,126,1);
/*!40000 ALTER TABLE `stock_label` ENABLE KEYS */;
UNLOCK TABLES;

--
-- Table structure for table `theme`
--

DROP TABLE IF EXISTS `theme`;
/*!40101 SET @saved_cs_client     = @@character_set_client */;
/*!50503 SET character_set_client = utf8mb4 */;
CREATE TABLE `theme` (
  `id` int NOT NULL AUTO_INCREMENT,
  `name` text COLLATE utf8mb3_unicode_ci NOT NULL,
  `file_name` text COLLATE utf8mb3_unicode_ci NOT NULL,
  PRIMARY KEY (`id`)
) ENGINE=InnoDB AUTO_INCREMENT=7 DEFAULT CHARSET=utf8mb3 COLLATE=utf8mb3_unicode_ci;
/*!40101 SET character_set_client = @saved_cs_client */;

--
-- Dumping data for table `theme`
--

LOCK TABLES `theme` WRITE;
/*!40000 ALTER TABLE `theme` DISABLE KEYS */;
INSERT INTO `theme` VALUES (1,'Dark','theme-dark.css'),(2,'Light','theme-light.css'),(3,'Light Blue','theme-light-blue.css'),(4,'Dark Red','theme-dark-red.css');
/*!40000 ALTER TABLE `theme` ENABLE KEYS */;
UNLOCK TABLES;

--
-- Table structure for table `transaction`
--

DROP TABLE IF EXISTS `transaction`;
/*!40101 SET @saved_cs_client     = @@character_set_client */;
/*!50503 SET character_set_client = utf8mb4 */;
CREATE TABLE `transaction` (
  `id` bigint NOT NULL AUTO_INCREMENT,
  `stock_id` bigint NOT NULL,
  `item_id` bigint NOT NULL,
  `type` text CHARACTER SET utf8mb3 COLLATE utf8mb3_unicode_ci NOT NULL,
  `quantity` int NOT NULL,
  `price` decimal(10,0) DEFAULT NULL,
  `serial_number` text CHARACTER SET utf8mb3 COLLATE utf8mb3_unicode_ci,
  `reason` text CHARACTER SET utf8mb3 COLLATE utf8mb3_unicode_ci NOT NULL,
  `comments` longtext CHARACTER SET utf8mb3 COLLATE utf8mb3_unicode_ci,
  `date` date NOT NULL,
  `time` time NOT NULL,
  `username` text CHARACTER SET utf8mb3 COLLATE utf8mb3_unicode_ci NOT NULL,
  `shelf_id` int DEFAULT NULL,
  PRIMARY KEY (`id`)
) ENGINE=InnoDB AUTO_INCREMENT=508 DEFAULT CHARSET=utf8mb3 COLLATE=utf8mb3_unicode_ci;
/*!40101 SET character_set_client = @saved_cs_client */;

--
-- Dumping data for table `transaction`
--

LOCK TABLES `transaction` WRITE;
/*!40000 ALTER TABLE `transaction` DISABLE KEYS */;
INSERT INTO `transaction` VALUES (1,1,7,'add',100,NULL,'','New stock','First transaction','2023-04-09','05:56:00','inventory',0),(6,1,12,'add',7,69,'','New Stock',NULL,'2023-04-16','16:59:53','inventory',0),(9,1,15,'add',1,0,'','New Stock',NULL,'2023-05-01','13:31:38','inventory',0),(10,28,16,'add',1,69,'q','New Stock',NULL,'2023-05-01','13:32:43','inventory',0),(11,29,17,'add',1,0,'test','New Stock',NULL,'2023-05-01','15:07:51','inventory',0),(12,29,18,'add',1,0,'','New Stock',NULL,'2023-05-01','15:24:20','inventory',0),(13,29,0,'delete',0,0,'','No Stock Remaining, Deleted.',NULL,'2023-05-01','15:28:11','inventory',0),(14,30,19,'add',1,69,'test','New Stock',NULL,'2023-05-01','15:28:55','inventory',0),(15,30,19,'remove',1,NULL,'test','test',NULL,'2023-05-01','15:29:07','inventory',0),(16,30,20,'add',1,0,'1','New Stock',NULL,'2023-05-01','15:34:50','inventory',0),(17,30,21,'add',1,0,'','New Stock',NULL,'2023-05-01','15:35:27','inventory',0),(18,30,20,'remove',4,NULL,'','1',NULL,'2023-05-01','15:38:06','inventory',0),(19,30,0,'delete',-2,0,'','No Stock Remaining, Deleted.',NULL,'2023-05-01','15:38:50','inventory',0),(20,1,22,'add',1,0,'test','New Stock',NULL,'2023-05-01','17:55:51','inventory',0),(21,1,22,'remove',1,NULL,'test','test sn removal',NULL,'2023-05-01','17:58:13','inventory',0),(22,31,23,'add',1,30,'','New Stock',NULL,'2023-05-12','06:47:39','inventory',0),(23,6,5,'remove',1,NULL,'','test 0 stock',NULL,'2023-05-16','14:11:57','inventory',0),(24,6,24,'add',1,0,'','New Stock',NULL,'2023-05-16','14:14:29','inventory',0),(25,6,24,'remove',1,NULL,'','test',NULL,'2023-05-16','14:20:51','inventory',0),(26,6,25,'add',1,0,'','New Stock',NULL,'2023-05-16','14:21:45','inventory',0),(27,5,26,'add',1,0,'','New Stock',NULL,'2023-05-16','14:23:07','inventory',0),(28,6,25,'remove',1,NULL,'','test',NULL,'2023-05-16','14:23:23','inventory',0),(29,5,26,'remove',1,NULL,'','1',NULL,'2023-05-16','14:33:10','inventory',0),(30,2,2,'remove',1,NULL,'','test neg q',NULL,'2023-05-16','14:40:07','inventory',0),(31,2,27,'add',1,0,'','New Stock',NULL,'2023-05-16','14:40:51','inventory',0),(32,2,27,'remove',1,NULL,'','1',NULL,'2023-05-16','14:44:25','inventory',0),(33,2,28,'add',1,0,'','New Stock',NULL,'2023-05-16','14:46:21','inventory',0),(34,1,29,'add',12,12,'78156','New Stock',NULL,'2023-05-16','21:50:35','inventory',0),(35,31,30,'add',1,0,'','New Stock',NULL,'2023-05-16','21:50:53','inventory',0),(36,31,31,'add',1,0,'','New Stock',NULL,'2023-05-16','21:51:02','inventory',0),(37,1,32,'add',2,0,'','New Stock',NULL,'2023-05-17','08:10:09','inventory',0),(38,1,33,'add',5,0,'','New Stock',NULL,'2023-05-18','14:13:44','inventory',0),(39,1,1,'remove',-1,NULL,'','test neg quantity transaction',NULL,'2023-05-18','16:42:48','inventory',0),(40,1,33,'remove',-1,NULL,'','111',NULL,'2023-06-20','13:20:22','inventory',0),(41,1,33,'remove',-1,NULL,'','1 test 20-06-23 13:21',NULL,'2023-06-20','13:21:56','inventory',0),(42,1,33,'remove',-1,NULL,'','1 test 20-06-23 13:21',NULL,'2023-06-20','13:25:55','inventory',0),(43,1,33,'remove',-1,NULL,'','1',NULL,'2023-06-20','13:26:09','inventory',0),(44,1,33,'remove',-1,NULL,'','1',NULL,'2023-06-20','13:26:50','inventory',0),(45,1,12,'remove',-1,NULL,'','1',NULL,'2023-06-20','13:34:36','inventory',0),(46,1,12,'remove',-1,NULL,'','1',NULL,'2023-06-20','13:35:07','inventory',0),(47,1,12,'remove',-1,NULL,'','1',NULL,'2023-06-20','13:35:15','inventory',0),(48,1,12,'remove',-1,NULL,'','1',NULL,'2023-06-20','13:37:49','inventory',0),(49,1,12,'remove',-1,NULL,'','1',NULL,'2023-06-20','13:38:56','inventory',0),(50,1,12,'remove',-1,NULL,'','1',NULL,'2023-06-20','13:40:04','inventory',0),(51,1,7,'remove',-1,NULL,'','1',NULL,'2023-06-20','13:43:10','inventory',0),(52,1,34,'add',1,0,'example','New Stock',NULL,'2023-06-20','19:32:57','inventory',0),(53,1,35,'add',2,0,'example2 example3','New Stock',NULL,'2023-06-20','19:33:33','inventory',0),(54,1,36,'add',2,0,'example4, example5','New Stock',NULL,'2023-06-20','19:34:00','inventory',0),(55,1,7,'remove',-1,0,'','Move Stock',NULL,'2023-06-22','18:24:21','inventory',0),(56,1,1,'add',1,0,'','Move Stock',NULL,'2023-06-22','18:24:21','inventory',0),(57,1,7,'remove',-1,0,'','Move Stock',NULL,'2023-06-22','18:28:21','inventory',0),(58,1,1,'add',1,0,'','Move Stock',NULL,'2023-06-22','18:28:21','inventory',0),(59,1,7,'remove',-1,0,'','Move Stock',NULL,'2023-06-22','18:29:26','inventory',0),(60,1,1,'add',1,0,'','Move Stock',NULL,'2023-06-22','18:29:26','inventory',0),(61,1,7,'remove',-1,0,'','Move Stock',NULL,'2023-06-22','18:31:08','inventory',0),(62,1,1,'add',1,0,'','Move Stock',NULL,'2023-06-22','18:31:08','inventory',0),(63,1,7,'remove',-1,0,'','Move Stock',NULL,'2023-06-22','18:33:44','inventory',0),(64,1,1,'add',1,0,'','Move Stock',NULL,'2023-06-22','18:33:44','inventory',0),(65,1,7,'remove',-1,0,'','Move Stock',NULL,'2023-06-22','18:34:16','inventory',0),(66,1,1,'add',1,0,'','Move Stock',NULL,'2023-06-22','18:34:16','inventory',0),(67,1,7,'remove',-1,0,'','Move Stock',NULL,'2023-06-22','18:35:51','inventory',0),(68,1,1,'add',1,0,'','Move Stock',NULL,'2023-06-22','18:35:51','inventory',0),(69,1,7,'remove',-1,0,'','Move Stock',NULL,'2023-06-22','18:37:00','inventory',0),(70,1,1,'add',1,0,'','Move Stock',NULL,'2023-06-22','18:37:00','inventory',0),(71,1,7,'remove',-1,0,'','Move Stock',NULL,'2023-06-22','18:39:12','inventory',0),(72,1,1,'add',1,0,'','Move Stock',NULL,'2023-06-22','18:39:12','inventory',0),(73,1,7,'remove',-1,0,'','Move Stock',NULL,'2023-06-22','18:41:23','inventory',0),(74,1,1,'add',1,0,'','Move Stock',NULL,'2023-06-22','18:41:23','inventory',0),(75,1,7,'move',-1,0,'','Move Stock',NULL,'2023-06-22','18:48:09','inventory',0),(76,1,1,'move',1,0,'','Move Stock',NULL,'2023-06-22','18:48:09','inventory',0),(77,1,12,'move',-1,0,'','Move Stock',NULL,'2023-06-22','18:52:16','inventory',0),(78,1,1,'move',1,0,'','Move Stock',NULL,'2023-06-22','18:52:16','inventory',0),(79,1,6,'move',-10,0,'','Move Stock',NULL,'2023-06-22','18:52:27','inventory',0),(80,1,1,'move',10,0,'','Move Stock',NULL,'2023-06-22','18:52:27','inventory',0),(81,1,36,'move',-1,0,'example4, example5','Move Stock',NULL,'2023-06-23','19:39:15','inventory',0),(82,1,1,'move',1,0,'','Move Stock',NULL,'2023-06-23','19:39:15','inventory',0),(83,1,35,'move',-1,0,'example2 example3','Move Stock',NULL,'2023-06-23','19:55:44','inventory',0),(84,1,1,'move',1,0,'','Move Stock',NULL,'2023-06-23','19:55:44','inventory',0),(85,1,7,'move',-1,0,'','Move Stock',NULL,'2023-06-23','19:56:54','inventory',0),(86,1,1,'move',1,0,'','Move Stock',NULL,'2023-06-23','19:56:54','inventory',0),(87,1,7,'move',-1,0,'','Move Stock',NULL,'2023-06-23','19:57:03','inventory',0),(88,1,1,'move',1,0,'','Move Stock',NULL,'2023-06-23','19:57:03','inventory',0),(89,1,7,'move',-1,0,'','Move Stock',NULL,'2023-06-23','19:57:11','inventory',0),(90,1,1,'move',1,0,'','Move Stock',NULL,'2023-06-23','19:57:11','inventory',0),(91,1,37,'move',-1,0,'example2 example3','Move Stock',NULL,'2023-06-23','19:57:25','inventory',0),(92,1,1,'move',1,0,'','Move Stock',NULL,'2023-06-23','19:57:25','inventory',0),(93,1,34,'move',-1,0,'example','Move Stock',NULL,'2023-06-23','19:59:56','inventory',0),(94,1,1,'move',1,0,'','Move Stock',NULL,'2023-06-23','19:59:56','inventory',0),(95,1,38,'add',1,0,'exampleSN','New Stock',NULL,'2023-06-23','20:01:38','inventory',0),(96,1,39,'add',1,0,'exampleSN','Move Stock',NULL,'2023-06-23','20:03:35','inventory',0),(97,1,38,'move',-1,0,NULL,'Move Stock',NULL,'2023-06-23','20:03:35','inventory',0),(98,1,40,'add',1,0,'78156','Move Stock',NULL,'2023-06-23','20:03:47','inventory',0),(99,1,29,'move',-1,0,NULL,'Move Stock',NULL,'2023-06-23','20:03:47','inventory',0),(100,1,41,'add',12,0,'testtest','New Stock',NULL,'2023-06-23','20:05:41','inventory',0),(101,1,42,'add',1,0,'testtest','Move Stock',NULL,'2023-06-23','20:05:52','inventory',0),(102,1,41,'move',-1,0,'testtest','Move Stock',NULL,'2023-06-23','20:05:52','inventory',0),(103,1,43,'add',12,0,'2q3erfsdx','New Stock',NULL,'2023-06-23','20:10:17','inventory',0),(104,1,44,'add',1,0,'2q3erfsdx','Move Stock',NULL,'2023-06-23','20:10:25','inventory',0),(105,1,43,'move',-1,0,'2q3erfsdx','Move Stock',NULL,'2023-06-23','20:10:25','inventory',0),(106,1,45,'add',1,0,'123123123123123','New Stock',NULL,'2023-06-23','20:32:12','inventory',0),(107,1,46,'move',1,0,'123123123123123','Move Stock',NULL,'2023-06-23','20:32:20','inventory',0),(108,1,45,'move',-1,0,'123123123123123','Move Stock',NULL,'2023-06-23','20:32:20','inventory',0),(109,1,47,'add',12,0,'24564567','New Stock',NULL,'2023-06-23','20:32:42','inventory',0),(110,1,48,'move',1,0,'24564567','Move Stock',NULL,'2023-06-23','20:32:50','inventory',0),(111,1,47,'move',-1,0,'24564567','Move Stock',NULL,'2023-06-23','20:32:50','inventory',0),(112,1,49,'add',12,0,'opopopop','New Stock',NULL,'2023-06-23','20:33:54','inventory',0),(113,1,50,'move',1,0,'opopopop','Move Stock',NULL,'2023-06-23','20:34:01','inventory',0),(114,1,49,'move',-1,0,'opopopop','Move Stock',NULL,'2023-06-23','20:34:01','inventory',0),(115,1,51,'add',12,0,'tp','New Stock',NULL,'2023-06-23','20:36:34','inventory',0),(116,1,52,'move',1,0,'tp','Move Stock',NULL,'2023-06-23','20:36:42','inventory',0),(117,1,51,'move',-1,0,'tp','Move Stock',NULL,'2023-06-23','20:36:42','inventory',0),(118,1,53,'add',100,0,'nhnhnhnh','New Stock',NULL,'2023-06-23','20:41:32','inventory',0),(119,1,54,'move',1,0,'nhnhnhnh','Move Stock',NULL,'2023-06-23','20:41:41','inventory',0),(120,1,53,'move',-1,0,'nhnhnhnh','Move Stock',NULL,'2023-06-23','20:41:41','inventory',0),(121,1,55,'add',111,0,'deeznuts','New Stock',NULL,'2023-06-23','20:42:52','inventory',0),(122,1,56,'move',1,0,'deeznuts','Move Stock',NULL,'2023-06-23','20:43:31','inventory',0),(123,1,55,'move',-1,0,'deeznuts','Move Stock',NULL,'2023-06-23','20:43:31','inventory',0),(124,1,57,'add',999,0,'candice','New Stock',NULL,'2023-06-23','20:47:50','inventory',0),(125,1,58,'move',1,0,'candice','Move Stock',NULL,'2023-06-23','20:48:02','inventory',0),(126,1,57,'move',-1,0,'candice','Move Stock',NULL,'2023-06-23','20:48:02','inventory',0),(127,1,59,'add',111,0,'banana','New Stock',NULL,'2023-06-23','23:06:15','inventory',0),(128,1,60,'move',1,0,'banana','Move Stock',NULL,'2023-06-23','23:07:22','inventory',0),(129,1,59,'move',-1,0,'banana','Move Stock',NULL,'2023-06-23','23:07:22','inventory',0),(130,1,61,'add',121,0,'int','New Stock',NULL,'2023-06-23','23:15:10','inventory',0),(131,1,62,'move',1,0,'int','Move Stock',NULL,'2023-06-23','23:15:18','inventory',0),(132,1,61,'move',-1,0,'int','Move Stock',NULL,'2023-06-23','23:15:18','inventory',0),(133,1,63,'move',1,0,'','Move Stock',NULL,'2023-06-23','23:18:12','inventory',0),(134,1,7,'move',-1,0,'','Move Stock',NULL,'2023-06-23','23:18:12','inventory',0),(135,1,64,'add',69,0,'','New Stock',NULL,'2023-06-23','23:19:33','inventory',0),(136,1,64,'move',-1,0,'','Move Stock',NULL,'2023-06-23','23:19:44','inventory',0),(137,1,1,'move',1,0,'','Move Stock',NULL,'2023-06-23','23:19:44','inventory',0),(138,1,64,'move',-1,0,'','Move Stock',NULL,'2023-06-23','23:22:31','inventory',0),(139,1,1,'move',1,0,'','Move Stock',NULL,'2023-06-23','23:22:31','inventory',0),(140,1,65,'add',131,69,'DNJM','New Stock',NULL,'2023-06-23','23:23:06','inventory',0),(141,1,66,'move',1,0,'DNJM','Move Stock',NULL,'2023-06-23','23:23:19','inventory',0),(142,1,65,'move',-1,0,'DNJM','Move Stock',NULL,'2023-06-23','23:23:19','inventory',0),(143,1,67,'add',10,0,'testing','New Stock',NULL,'2023-06-24','11:24:39','inventory',0),(144,1,68,'move',1,0,'testing','Move Stock',NULL,'2023-06-25','10:50:55','inventory',0),(145,1,67,'move',-1,0,'testing','Move Stock',NULL,'2023-06-25','10:50:55','inventory',0),(146,1,65,'move',-1,0,'','Move Stock',NULL,'2023-06-25','17:03:14','inventory',0),(147,1,1,'move',1,0,'','Move Stock',NULL,'2023-06-25','17:03:14','inventory',0),(148,1,65,'move',-1,0,'','Move Stock',NULL,'2023-06-25','17:11:31','inventory',0),(149,1,1,'move',1,0,'','Move Stock',NULL,'2023-06-25','17:11:31','inventory',0),(150,1,65,'move',-1,0,'','Move Stock',NULL,'2023-06-25','17:11:41','inventory',0),(151,1,1,'move',1,0,'','Move Stock',NULL,'2023-06-25','17:11:41','inventory',0),(152,1,69,'move',1,0,'','Move Stock',NULL,'2023-06-25','17:33:17','inventory',0),(153,1,7,'move',-1,0,'','Move Stock',NULL,'2023-06-25','17:33:17','inventory',0),(154,1,70,'move',1,0,'','Move Stock',NULL,'2023-06-25','17:35:12','inventory',0),(155,1,69,'move',-1,0,'','Move Stock',NULL,'2023-06-25','17:35:12','inventory',0),(156,1,65,'move',7,0,'','Move Stock',NULL,'2023-06-25','18:43:21','inventory',-1),(157,1,1,'move',1,0,'','Move Stock',NULL,'2023-06-25','18:43:21','inventory',1),(158,1,65,'move',7,0,'','Move Stock',NULL,'2023-06-25','18:43:31','inventory',-1),(159,1,70,'move',3,0,'','Move Stock',NULL,'2023-06-25','18:43:31','inventory',1),(160,1,65,'move',7,0,'','Move Stock',NULL,'2023-06-25','18:43:36','inventory',-1),(161,1,1,'move',1,0,'','Move Stock',NULL,'2023-06-25','18:43:36','inventory',1),(162,1,65,'move',7,0,'','Move Stock',NULL,'2023-06-25','18:45:17','inventory',-1),(163,1,70,'move',3,0,'','Move Stock',NULL,'2023-06-25','18:45:17','inventory',1),(164,1,65,'move',-1,0,'','Move Stock',NULL,'2023-06-25','18:46:23','inventory',7),(165,1,1,'move',1,0,'','Move Stock',NULL,'2023-06-25','18:46:23','inventory',1),(166,1,65,'move',-1,0,'','Move Stock',NULL,'2023-06-25','18:46:36','inventory',7),(167,1,1,'move',1,0,'','Move Stock',NULL,'2023-06-25','18:46:36','inventory',1),(168,1,64,'move',-1,0,'','Move Stock',NULL,'2023-06-25','18:50:23','inventory',9),(169,1,70,'move',1,0,'','Move Stock',NULL,'2023-06-25','18:50:23','inventory',3),(170,1,70,'move',-1,0,'','Move Stock',NULL,'2023-06-25','18:50:57','inventory',3),(171,1,1,'move',1,0,'','Move Stock',NULL,'2023-06-25','18:50:57','inventory',1),(172,1,64,'move',-1,0,'','Move Stock',NULL,'2023-06-25','18:52:07','inventory',9),(173,1,1,'move',1,0,'','Move Stock',NULL,'2023-06-25','18:52:07','inventory',1),(174,1,71,'add',1,1,'','New Stock',NULL,'2023-06-27','16:21:26','inventory',NULL),(175,1,72,'add',1,0,'','New Stock',NULL,'2023-06-27','16:26:14','inventory',NULL),(176,1,65,'move',-19,0,'','Move Stock',NULL,'2023-06-27','16:28:03','inventory',7),(177,1,73,'move',19,0,'','Move Stock',NULL,'2023-06-27','16:28:03','inventory',10),(178,1,72,'add',1,0,'','New Stock',NULL,'2023-06-27','16:51:39','inventory',3),(179,1,72,'add',1,0,'','New Stock',NULL,'2023-06-27','16:52:19','inventory',3),(180,1,72,'add',1,0,'','New Stock',NULL,'2023-06-27','16:53:06','inventory',3),(181,1,70,'remove',-1,NULL,'','Sale Test',NULL,'2023-06-27','16:56:16','inventory',3),(182,1,70,'remove',-1,68,'','testing 69 cost',NULL,'2023-06-27','16:58:45','inventory',3),(183,1,64,'move',-1,0,'','Move Stock',NULL,'2023-07-07','05:04:11','inventory',9),(184,1,67,'move',1,0,'','Move Stock',NULL,'2023-07-07','05:04:11','inventory',8),(185,1,67,'move',-1,0,'','Move Stock',NULL,'2023-07-07','05:07:16','inventory',8),(186,1,64,'move',1,0,'','Move Stock',NULL,'2023-07-07','05:07:16','inventory',9),(187,1,64,'move',-1,0,'','Move Stock',NULL,'2023-07-07','05:12:01','inventory',9),(188,1,67,'move',1,0,'','Move Stock',NULL,'2023-07-07','05:12:01','inventory',8),(189,1,65,'move',-1,0,'','Move Stock',NULL,'2023-07-07','05:14:20','inventory',7),(190,1,71,'move',1,0,'','Move Stock',NULL,'2023-07-07','05:14:20','inventory',3),(191,1,65,'move',-1,0,'','Move Stock',NULL,'2023-07-07','05:18:40','inventory',7),(192,1,71,'move',1,0,'','Move Stock',NULL,'2023-07-07','05:18:40','inventory',3),(193,1,65,'move',-1,0,'','Move Stock',NULL,'2023-07-07','05:19:04','inventory',7),(194,1,1,'move',1,0,'','Move Stock',NULL,'2023-07-07','05:19:04','inventory',1),(195,1,64,'move',-1,0,'','Move Stock',NULL,'2023-07-07','05:21:57','inventory',9),(196,1,65,'move',1,0,'','Move Stock',NULL,'2023-07-07','05:21:57','inventory',7),(197,1,65,'move',-1,0,'','Move Stock',NULL,'2023-07-10','02:30:02','inventory',7),(198,1,71,'move',1,0,'','Move Stock',NULL,'2023-07-10','02:30:02','inventory',3),(199,1,65,'move',-1,0,'','Move Stock',NULL,'2023-07-10','02:30:58','inventory',7),(200,1,1,'move',1,0,'','Move Stock',NULL,'2023-07-10','02:30:58','inventory',1),(201,1,65,'move',-1,0,'','Move Stock',NULL,'2023-07-10','02:33:29','inventory',7),(202,1,1,'move',1,0,'','Move Stock',NULL,'2023-07-10','02:33:29','inventory',1),(203,1,65,'move',-1,0,'','Move Stock',NULL,'2023-07-10','02:34:47','inventory',7),(204,1,1,'move',1,0,'','Move Stock',NULL,'2023-07-10','02:34:47','inventory',1),(205,1,65,'move',-1,0,'','Move Stock',NULL,'2023-07-10','02:36:32','inventory',7),(206,1,74,'move',1,0,'','Move Stock',NULL,'2023-07-10','02:36:32','inventory',2),(207,1,65,'move',-1,0,'','Move Stock',NULL,'2023-07-10','02:39:54','inventory',7),(208,1,1,'move',1,0,'','Move Stock',NULL,'2023-07-10','02:39:54','inventory',1),(209,1,65,'move',-1,0,'','Move Stock',NULL,'2023-07-10','02:41:17','inventory',7),(210,1,1,'move',1,0,'','Move Stock',NULL,'2023-07-10','02:41:17','inventory',1),(211,1,65,'move',-1,0,'','Move Stock',NULL,'2023-07-10','02:42:00','inventory',7),(212,1,1,'move',1,0,'','Move Stock',NULL,'2023-07-10','02:42:00','inventory',1),(213,1,65,'move',-1,0,'','Move Stock',NULL,'2023-07-10','02:42:08','inventory',7),(214,1,1,'move',1,0,'','Move Stock',NULL,'2023-07-10','02:42:08','inventory',1),(215,1,65,'move',-1,0,'','Move Stock',NULL,'2023-07-10','02:43:02','inventory',7),(216,1,1,'move',1,0,'','Move Stock',NULL,'2023-07-10','02:43:02','inventory',1),(217,1,1,'move',-12,0,'','Move Stock',NULL,'2023-07-10','02:43:14','inventory',1),(218,1,65,'move',12,0,'','Move Stock',NULL,'2023-07-10','02:43:14','inventory',7),(219,1,1,'move',-1,0,'','Move Stock',NULL,'2023-07-10','02:44:56','inventory',1),(220,1,65,'move',1,0,'','Move Stock',NULL,'2023-07-10','02:44:56','inventory',7),(221,1,65,'move',-1,0,'','Move Stock',NULL,'2023-07-10','02:46:17','inventory',7),(222,1,1,'move',1,0,'','Move Stock',NULL,'2023-07-10','02:46:17','inventory',1),(223,1,1,'move',-1,0,'','Move Stock',NULL,'2023-07-10','02:46:43','inventory',1),(224,1,65,'move',1,0,'','Move Stock',NULL,'2023-07-10','02:46:43','inventory',7),(225,1,65,'move',-1,0,'','Move Stock',NULL,'2023-07-10','22:05:21','inventory',7),(226,1,1,'move',1,0,'','Move Stock',NULL,'2023-07-10','22:05:21','inventory',1),(227,32,75,'add',12,60,'','Test item stock add',NULL,'2023-07-11','01:07:35','inventory',NULL),(228,33,76,'add',12,0,'','test',NULL,'2023-07-11','01:13:01','inventory',NULL),(229,34,77,'add',12,1,'','New Stock',NULL,'2023-07-11','01:17:20','inventory',NULL),(230,35,78,'add',1,0,'','New Stock',NULL,'2023-07-11','01:23:36','inventory',NULL),(231,75,79,'add',1,0,'','New Stock',NULL,'2023-08-14','07:41:11','inventory',NULL),(232,76,80,'add',1,0,'','New Stock',NULL,'2023-08-14','07:45:51','inventory',NULL),(233,77,81,'add',1,0,'','New Stock',NULL,'2023-08-14','07:46:49','inventory',NULL),(234,77,81,'remove',-1,0,'','123',NULL,'2023-08-14','07:47:08','inventory',11),(235,76,80,'remove',-1,0,'','123',NULL,'2023-08-14','07:47:28','inventory',10),(236,75,79,'remove',-1,0,'','12',NULL,'2023-08-14','07:48:22','inventory',11),(237,83,82,'add',1,0,'','New Stock',NULL,'2023-08-16','04:30:29','root',NULL),(238,83,82,'remove',-1,-1,'','test',NULL,'2023-08-16','04:30:46','root',12),(239,83,0,'delete',0,0,'','No Stock Remaining, Deleted.',NULL,'2023-08-16','04:31:53','root',NULL),(240,84,83,'add',1,0,'','New Stock',NULL,'2023-08-18','20:11:31','inventory',NULL),(241,84,83,'add',1,0,'','New Stock',NULL,'2023-08-18','20:14:03','inventory',2),(242,84,83,'remove',-1,0,'','modify testing',NULL,'2023-08-18','20:15:31','inventory',2),(243,84,83,'remove',-1,0,'','testing ready for delete',NULL,'2023-08-18','20:15:55','inventory',2),(244,84,0,'delete',0,0,'','No Stock Remaining, Deleted.',NULL,'2023-08-18','20:15:59','inventory',NULL),(245,85,84,'add',1,0,'','New Stock',NULL,'2023-08-18','20:24:06','inventory',NULL),(246,85,84,'remove',-1,0,'','123',NULL,'2023-08-18','20:24:13','inventory',1),(247,85,0,'delete',0,0,'','No Stock Remaining, Deleted.',NULL,'2023-08-18','20:24:17','inventory',NULL),(248,1,65,'move',-1,0,'','Move Stock',NULL,'2023-08-18','20:32:38','inventory',7),(249,1,1,'move',1,0,'','Move Stock',NULL,'2023-08-18','20:32:38','inventory',1),(250,1,1,'move',-1,0,'','Move Stock',NULL,'2023-08-18','20:33:06','inventory',1),(251,1,74,'move',1,0,'','Move Stock',NULL,'2023-08-18','20:33:06','inventory',2),(252,86,85,'add',1,0,'','New Stock',NULL,'2023-08-18','20:42:27','inventory',NULL),(253,87,86,'add',1,0,'','New Stock',NULL,'2023-08-18','20:42:42','inventory',NULL),(254,88,87,'add',1,0,'','New Stock',NULL,'2023-08-18','20:42:55','inventory',NULL),(255,89,88,'add',1,0,'','New Stock',NULL,'2023-08-18','20:43:16','inventory',NULL),(256,90,89,'add',1,0,'','New Stock',NULL,'2023-08-18','20:43:44','inventory',NULL),(257,5,90,'add',1,0,'','New Stock',NULL,'2023-08-19','12:18:05','inventory',NULL),(258,91,91,'add',1,0,'','New Stock',NULL,'2023-08-20','20:15:02','inventory',NULL),(259,92,92,'add',1,0,'','New Stock',NULL,'2023-08-20','20:16:07','inventory',NULL),(260,93,93,'add',1,0,'','New Stock',NULL,'2023-08-20','20:17:25','inventory',NULL),(261,94,94,'add',1,0,'','New Stock',NULL,'2023-08-20','20:17:43','inventory',NULL),(262,95,95,'add',1,0,'','New Stock',NULL,'2023-08-20','20:18:02','inventory',NULL),(263,96,96,'add',1,0,'','New Stock',NULL,'2023-08-20','20:18:15','inventory',NULL),(264,97,97,'add',1,0,'','New Stock',NULL,'2023-08-20','20:18:23','inventory',NULL),(265,98,98,'add',1,0,'','New Stock',NULL,'2023-08-20','20:19:08','inventory',NULL),(266,99,99,'add',1,0,'','New Stock',NULL,'2023-08-20','20:22:01','inventory',NULL),(267,100,100,'add',1,0,'','New Stock',NULL,'2023-08-20','20:22:31','inventory',NULL),(268,101,101,'add',1,0,'','New Stock',NULL,'2023-08-20','20:23:16','inventory',NULL),(269,102,102,'add',1,0,'','New Stock',NULL,'2023-08-20','20:25:27','inventory',NULL),(270,103,103,'add',1,0,'','New Stock',NULL,'2023-08-20','20:26:01','inventory',NULL),(271,104,104,'add',1,0,'','New Stock',NULL,'2023-08-20','20:26:22','inventory',NULL),(272,105,105,'add',1,0,'','New Stock',NULL,'2023-08-20','20:27:23','inventory',NULL),(273,106,106,'add',1,0,'','New Stock',NULL,'2023-08-20','20:27:34','inventory',NULL),(274,107,107,'add',1,0,'','New Stock',NULL,'2023-08-20','20:27:43','inventory',NULL),(275,108,108,'add',1,0,'','New Stock',NULL,'2023-08-20','20:27:59','inventory',NULL),(276,109,109,'add',1,0,'','New Stock',NULL,'2023-08-20','20:28:42','inventory',NULL),(277,110,110,'add',1,0,'','New Stock',NULL,'2023-08-20','20:28:56','inventory',NULL),(278,111,111,'add',1,0,'','New Stock',NULL,'2023-08-20','20:29:06','inventory',NULL),(279,112,112,'add',1,0,'','New Stock',NULL,'2023-08-20','20:29:20','inventory',NULL),(280,113,113,'add',1,0,'','New Stock',NULL,'2023-08-20','20:29:47','inventory',NULL),(281,114,114,'add',1,0,'','New Stock',NULL,'2023-08-20','20:30:33','inventory',NULL),(282,115,115,'add',1,0,'','New Stock',NULL,'2023-08-20','20:30:51','inventory',NULL),(283,116,116,'add',1,0,'','New Stock',NULL,'2023-08-20','20:31:47','inventory',NULL),(284,117,117,'add',1,0,'','New Stock',NULL,'2023-08-20','20:32:43','inventory',NULL),(285,118,118,'add',1,0,'','New Stock',NULL,'2023-08-20','20:37:19','inventory',NULL),(286,120,119,'add',1,0,'','New Stock',NULL,'2023-08-20','21:42:44','inventory',NULL),(287,119,0,'delete',0,0,'','No Stock Remaining, Deleted.',NULL,'2023-08-20','21:43:13','inventory',NULL),(288,120,119,'remove',-1,0,'','123',NULL,'2023-08-20','21:45:52','inventory',17),(289,120,0,'delete',0,0,'','No Stock Remaining, Deleted.',NULL,'2023-08-20','21:45:55','inventory',NULL),(290,121,120,'add',1,0,'','New Stock',NULL,'2023-08-20','21:47:53','inventory',NULL),(291,121,120,'remove',-1,0,'','123',NULL,'2023-08-20','21:48:01','inventory',17),(292,121,0,'delete',0,0,'','No Stock Remaining, Deleted.',NULL,'2023-08-20','21:48:04','inventory',NULL),(293,122,121,'add',1,0,'','New Stock',NULL,'2023-08-20','21:52:14','inventory',NULL),(294,122,121,'remove',-1,0,'','123',NULL,'2023-08-20','21:52:23','inventory',17),(295,122,122,'add',1,0,'','New Stock',NULL,'2023-08-20','21:54:11','inventory',NULL),(296,122,122,'remove',-1,0,'','123',NULL,'2023-08-20','21:54:18','inventory',17),(297,122,0,'delete',0,0,'','No Stock Remaining, Deleted.',NULL,'2023-08-20','21:54:26','inventory',NULL),(298,123,123,'add',1,0,'','New Stock',NULL,'2023-08-20','21:55:24','inventory',NULL),(299,123,123,'remove',-1,0,'','123',NULL,'2023-08-20','21:55:30','inventory',17),(300,123,0,'delete',0,0,'','No Stock Remaining, Deleted.',NULL,'2023-08-20','21:55:34','inventory',NULL),(301,1,65,'move',-1,0,'','Move Stock',NULL,'2023-08-28','13:50:44','inventory',7),(302,1,124,'move',1,0,'','Move Stock',NULL,'2023-08-28','13:50:44','inventory',17),(303,1,65,'move',-1,0,'','Move Stock',NULL,'2023-08-28','13:51:49','inventory',7),(304,1,124,'move',1,0,'','Move Stock',NULL,'2023-08-28','13:51:49','inventory',17),(305,1,65,'move',-1,0,'','Move Stock',NULL,'2023-08-28','13:56:20','inventory',7),(306,1,124,'move',1,0,'','Move Stock',NULL,'2023-08-28','13:56:20','inventory',17),(307,1,125,'add',1,0,'','New Stock',NULL,'2023-08-30','17:14:32','inventory',NULL),(308,4,126,'add',1,0,'sn-test-02','New Stock',NULL,'2023-08-30','17:49:49','inventory',NULL),(309,4,127,'add',1,0,'sn-test-023','New Stock',NULL,'2023-08-30','17:50:37','inventory',NULL),(310,4,128,'add',1,0,'TEST-SN65','New Stock',NULL,'2023-08-30','18:00:52','inventory',NULL),(311,4,126,'remove',-1,0,'sn-test-02','test',NULL,'2023-08-30','18:18:01','inventory',4),(312,4,127,'remove',-1,0,'sn-test-023','test',NULL,'2023-08-30','18:25:06','inventory',4),(313,4,4,'remove',-1,0,'','Remove last',NULL,'2023-08-30','18:26:11','inventory',4),(314,4,128,'remove',-1,0,'','Remove last',NULL,'2023-08-30','18:26:30','inventory',10),(315,1,129,'add',1,0,'','New Stock',NULL,'2023-08-30','18:36:00','inventory',NULL),(316,4,134,'add',5,0,'','New Stock',NULL,'2023-09-01','13:49:26','inventory',NULL),(317,4,135,'add',1,0,'testtest','New Stock',NULL,'2023-09-01','14:05:30','inventory',NULL),(318,4,136,'add',1,0,'tests','New Stock',NULL,'2023-09-01','14:08:13','inventory',NULL),(319,4,137,'add',1,0,'testtests','New Stock',NULL,'2023-09-01','14:08:13','inventory',NULL),(320,4,138,'add',1,0,'','New Stock',NULL,'2023-09-01','14:08:13','inventory',NULL),(321,4,139,'add',1,0,'','New Stock',NULL,'2023-09-01','14:08:13','inventory',NULL),(322,4,130,'remove',-1,0,'0','as',NULL,'2023-09-02','18:41:51','inventory',17),(323,4,131,'remove',-1,0,'0','123',NULL,'2023-09-02','18:45:37','inventory',17),(324,1,1,'remove',-1,0,'','10 test',NULL,'2023-09-02','20:25:16','inventory',7),(325,1,64,'remove',-1,0,'','10 test',NULL,'2023-09-02','20:25:16','inventory',7),(326,1,65,'remove',-1,0,'','10 test',NULL,'2023-09-02','20:25:16','inventory',7),(327,1,67,'remove',-1,0,'','10 test',NULL,'2023-09-02','20:25:16','inventory',7),(328,1,71,'remove',-1,0,'','10 test',NULL,'2023-09-02','20:25:16','inventory',7),(329,1,72,'remove',-1,0,'','10 test',NULL,'2023-09-02','20:25:16','inventory',7),(330,1,73,'remove',-1,0,'','10 test',NULL,'2023-09-02','20:25:16','inventory',7),(331,1,74,'remove',-1,0,'','10 test',NULL,'2023-09-02','20:25:16','inventory',7),(332,1,124,'remove',-1,0,'','10 test',NULL,'2023-09-02','20:25:16','inventory',7),(333,1,125,'remove',-1,0,'','10 test',NULL,'2023-09-02','20:25:16','inventory',7),(334,1,129,'remove',-1,0,'','10 test',NULL,'2023-09-02','20:25:16','inventory',7),(335,1,208,'remove',-1,0,'','10 test',NULL,'2023-09-02','20:28:11','inventory',7),(336,1,270,'remove',-1,0,'','test12',NULL,'2023-09-02','20:31:05','inventory',7),(337,1,271,'remove',-1,0,'','test5',NULL,'2023-09-02','20:33:41','inventory',7),(338,1,272,'remove',-1,0,'','test6',NULL,'2023-09-02','20:35:53','inventory',7),(339,1,273,'remove',-1,0,'','test6',NULL,'2023-09-02','20:35:53','inventory',7),(340,1,274,'remove',-1,0,'','test6',NULL,'2023-09-02','20:35:53','inventory',7),(341,1,275,'remove',-1,0,'','test6',NULL,'2023-09-02','20:35:53','inventory',7),(342,1,276,'remove',-1,0,'','test6',NULL,'2023-09-02','20:35:53','inventory',7),(343,1,277,'remove',-1,0,'','test6',NULL,'2023-09-02','20:35:53','inventory',7),(344,1,278,'remove',-1,0,'','test6',NULL,'2023-09-02','20:35:53','inventory',7),(345,1,279,'remove',-1,0,'','test7',NULL,'2023-09-02','20:37:13','inventory',7),(346,1,280,'remove',-1,0,'','test7',NULL,'2023-09-02','20:37:13','inventory',7),(347,1,281,'remove',-1,0,'','test7',NULL,'2023-09-02','20:37:13','inventory',7),(348,1,282,'remove',-1,0,'','test7',NULL,'2023-09-02','20:37:13','inventory',7),(349,1,283,'remove',-1,0,'','test7',NULL,'2023-09-02','20:37:13','inventory',7),(350,1,284,'remove',-1,0,'','test7',NULL,'2023-09-02','20:37:13','inventory',7),(351,1,285,'remove',-1,0,'','test7',NULL,'2023-09-02','20:37:13','inventory',7),(352,4,132,'move',-1,0,'','Move Stock',NULL,'2023-09-04','00:04:17','inventory',17),(353,4,394,'move',1,0,'','Move Stock',NULL,'2023-09-04','00:04:17','inventory',10),(354,4,133,'move',-1,0,'','Move Stock',NULL,'2023-09-04','00:04:17','inventory',17),(355,4,395,'move',1,0,'','Move Stock',NULL,'2023-09-04','00:04:17','inventory',10),(356,4,394,'move',-1,0,'','Move Stock',NULL,'2023-09-04','00:07:47','inventory',10),(357,4,396,'move',1,0,'','Move Stock',NULL,'2023-09-04','00:07:47','inventory',17),(358,4,395,'move',-1,0,'','Move Stock',NULL,'2023-09-04','00:07:47','inventory',10),(359,4,397,'move',1,0,'','Move Stock',NULL,'2023-09-04','00:07:47','inventory',17),(360,4,134,'move',-1,0,'','Move Stock',NULL,'2023-09-04','00:11:20','inventory',17),(361,4,398,'move',1,0,'','Move Stock',NULL,'2023-09-04','00:11:20','inventory',4),(362,4,138,'move',-1,0,'','Move Stock',NULL,'2023-09-04','00:11:20','inventory',17),(363,4,399,'move',1,0,'','Move Stock',NULL,'2023-09-04','00:11:20','inventory',4),(364,4,139,'move',-1,0,'','Move Stock',NULL,'2023-09-04','00:11:20','inventory',17),(365,4,400,'move',1,0,'','Move Stock',NULL,'2023-09-04','00:11:20','inventory',4),(366,4,398,'move',-1,0,'','Move Stock',NULL,'2023-09-04','00:11:35','inventory',4),(367,4,401,'move',1,0,'','Move Stock',NULL,'2023-09-04','00:11:35','inventory',17),(368,4,399,'move',-1,0,'','Move Stock',NULL,'2023-09-04','00:11:35','inventory',4),(369,4,402,'move',1,0,'','Move Stock',NULL,'2023-09-04','00:11:35','inventory',17),(370,4,400,'move',-1,0,'','Move Stock',NULL,'2023-09-04','00:11:35','inventory',4),(371,4,403,'move',1,0,'','Move Stock',NULL,'2023-09-04','00:11:35','inventory',17),(372,1,390,'move',-1,0,'','Move Stock',NULL,'2023-09-21','16:04:16','inventory',2),(373,1,404,'move',1,0,'','Move Stock',NULL,'2023-09-21','16:04:16','inventory',1),(374,1,286,'move',-1,0,'','Move Stock',NULL,'2023-09-21','16:44:58','inventory',7),(375,1,405,'move',1,0,'','Move Stock',NULL,'2023-09-21','16:44:58','inventory',17),(376,1,287,'move',-1,0,'','Move Stock',NULL,'2023-09-21','16:49:58','inventory',7),(377,1,406,'move',1,0,'','Move Stock',NULL,'2023-09-21','16:49:58','inventory',17),(378,1,288,'move',-1,0,'','Move Stock',NULL,'2023-09-21','16:51:13','inventory',7),(379,1,407,'move',1,0,'','Move Stock',NULL,'2023-09-21','16:51:13','inventory',17),(380,1,289,'move',-1,0,'','Move Stock',NULL,'2023-09-21','16:51:45','inventory',7),(381,1,408,'move',1,0,'','Move Stock',NULL,'2023-09-21','16:51:45','inventory',17),(382,1,290,'move',-1,0,'','Move Stock',NULL,'2023-09-22','18:59:35','inventory',7),(383,1,409,'move',1,0,'','Move Stock',NULL,'2023-09-22','18:59:35','inventory',17),(384,1,291,'move',-1,0,'','Move Stock',NULL,'2023-09-22','19:01:47','inventory',7),(385,1,410,'move',1,0,'','Move Stock',NULL,'2023-09-22','19:01:47','inventory',17),(386,1,292,'move',-1,0,'','Move Stock',NULL,'2023-09-23','13:04:55','inventory',7),(387,1,411,'move',1,0,'','Move Stock',NULL,'2023-09-23','13:04:55','inventory',17),(388,1,293,'move',-1,0,'','Move Stock',NULL,'2023-09-23','13:07:31','inventory',7),(389,1,412,'move',1,0,'','Move Stock',NULL,'2023-09-23','13:07:31','inventory',17),(390,1,294,'move',-1,0,'','Move Stock',NULL,'2023-09-23','13:07:55','inventory',7),(391,1,413,'move',1,0,'','Move Stock',NULL,'2023-09-23','13:07:55','inventory',17),(392,1,295,'move',-1,0,'','Move Stock',NULL,'2023-09-29','16:12:54','inventory',7),(393,1,414,'move',1,0,'','Move Stock',NULL,'2023-09-29','16:12:54','inventory',17),(394,1,296,'move',-1,0,'','Move Stock',NULL,'2023-09-29','16:52:32','inventory',7),(395,1,415,'move',1,0,'','Move Stock',NULL,'2023-09-29','16:52:32','inventory',17),(396,1,297,'move',-1,0,'','Move Stock',NULL,'2023-09-29','17:32:59','inventory',7),(397,1,416,'move',1,0,'','Move Stock',NULL,'2023-09-29','17:32:59','inventory',17),(398,1,417,'add',1,0,'','New Stock',NULL,'2023-09-29','18:38:25','inventory',NULL),(399,1,418,'add',1,0,'','New Stock',NULL,'2023-09-29','18:38:25','inventory',NULL),(400,1,419,'add',1,0,'','New Stock',NULL,'2023-09-29','18:38:25','inventory',NULL),(401,1,420,'add',1,0,'','New Stock',NULL,'2023-09-29','18:38:25','inventory',NULL),(402,1,421,'add',1,0,'','New Stock',NULL,'2023-09-29','18:38:25','inventory',NULL),(403,1,422,'add',1,0,'','New Stock',NULL,'2023-09-29','18:38:25','inventory',NULL),(404,1,423,'add',1,0,'','New Stock',NULL,'2023-09-29','18:38:25','inventory',NULL),(405,1,424,'add',1,0,'','New Stock',NULL,'2023-09-29','18:38:25','inventory',NULL),(406,1,425,'add',1,0,'','New Stock',NULL,'2023-09-29','18:38:25','inventory',NULL),(407,1,426,'add',1,0,'','New Stock',NULL,'2023-09-29','18:38:25','inventory',NULL),(408,1,427,'add',1,0,'','New Stock',NULL,'2023-09-29','18:38:25','inventory',NULL),(409,1,428,'add',1,0,'','New Stock',NULL,'2023-09-29','18:40:34','inventory',NULL),(410,1,429,'add',1,0,'','New Stock',NULL,'2023-09-29','18:40:34','inventory',NULL),(411,1,430,'add',1,0,'','New Stock',NULL,'2023-09-29','18:40:34','inventory',NULL),(412,1,431,'add',1,0,'','New Stock',NULL,'2023-09-29','18:40:34','inventory',NULL),(413,1,432,'add',1,0,'','New Stock',NULL,'2023-09-29','18:40:34','inventory',NULL),(414,1,433,'add',1,0,'','New Stock',NULL,'2023-09-29','18:40:34','inventory',NULL),(415,1,434,'add',1,0,'','New Stock',NULL,'2023-09-29','18:40:34','inventory',NULL),(416,1,435,'add',1,0,'','New Stock',NULL,'2023-09-29','18:40:34','inventory',NULL),(417,1,436,'add',1,0,'','New Stock',NULL,'2023-09-29','18:40:34','inventory',NULL),(418,1,437,'add',1,0,'','New Stock',NULL,'2023-09-29','18:40:34','inventory',NULL),(419,1,438,'add',1,0,'','New Stock',NULL,'2023-09-29','18:40:34','inventory',NULL),(420,1,439,'add',1,0,'','New Stock',NULL,'2023-09-29','18:41:21','inventory',NULL),(421,1,440,'add',1,0,'','New Stock',NULL,'2023-09-29','18:41:21','inventory',NULL),(422,1,441,'add',1,0,'','New Stock',NULL,'2023-09-29','18:41:21','inventory',NULL),(423,1,442,'add',1,0,'','New Stock',NULL,'2023-09-29','18:41:21','inventory',NULL),(424,1,443,'add',1,0,'','New Stock',NULL,'2023-09-29','18:41:21','inventory',NULL),(425,1,444,'add',1,0,'','New Stock',NULL,'2023-09-29','18:41:21','inventory',NULL),(426,1,445,'add',1,0,'','New Stock',NULL,'2023-09-29','18:41:21','inventory',NULL),(427,1,446,'add',1,0,'','New Stock',NULL,'2023-09-29','18:41:21','inventory',NULL),(428,1,447,'add',1,0,'','New Stock',NULL,'2023-09-29','18:41:21','inventory',NULL),(429,1,448,'add',1,0,'','New Stock',NULL,'2023-09-29','18:41:21','inventory',NULL),(430,1,449,'add',1,0,'','New Stock',NULL,'2023-09-29','18:41:21','inventory',NULL),(431,1,450,'add',1,0,'','New Stock',NULL,'2023-09-29','18:42:33','inventory',NULL),(432,1,451,'add',1,0,'','New Stock',NULL,'2023-09-29','18:43:14','inventory',NULL),(433,1,452,'add',1,0,'','New Stock',NULL,'2023-09-29','18:43:23','inventory',NULL),(434,1,453,'add',1,0,'','New Stock',NULL,'2023-09-29','18:44:19','inventory',NULL),(435,1,298,'remove',-1,0,'','email test',NULL,'2023-09-29','19:11:24','inventory',7),(436,1,299,'remove',-1,0,'','email test',NULL,'2023-09-29','19:11:24','inventory',7),(437,1,300,'remove',-1,0,'','email test',NULL,'2023-09-29','19:11:24','inventory',7),(438,1,301,'remove',-1,0,'','email test',NULL,'2023-09-29','19:11:24','inventory',7),(439,1,302,'remove',-1,0,'','email test',NULL,'2023-09-29','19:11:24','inventory',7),(440,1,303,'remove',-1,0,'','email test',NULL,'2023-09-29','19:11:24','inventory',7),(441,1,304,'remove',-1,0,'','email test',NULL,'2023-09-29','19:11:24','inventory',7),(442,1,305,'remove',-1,0,'','email test',NULL,'2023-09-29','19:11:24','inventory',7),(443,1,306,'remove',-1,0,'','email test',NULL,'2023-09-29','19:11:24','inventory',7),(444,1,307,'remove',-1,0,'','email test',NULL,'2023-09-29','19:11:24','inventory',7),(445,1,308,'remove',-1,0,'','email test',NULL,'2023-09-29','19:11:24','inventory',7),(446,1,309,'remove',-1,0,'','email test',NULL,'2023-09-29','19:11:24','inventory',7),(447,1,310,'remove',-1,0,'','email test',NULL,'2023-09-29','19:13:56','inventory',7),(448,1,311,'remove',-1,0,'','email test',NULL,'2023-09-29','19:13:56','inventory',7),(449,1,312,'remove',-1,0,'','email test',NULL,'2023-09-29','19:13:56','inventory',7),(450,1,313,'remove',-1,0,'','email test',NULL,'2023-09-29','19:13:56','inventory',7),(451,1,314,'remove',-1,0,'','email test',NULL,'2023-09-29','19:13:56','inventory',7),(452,1,315,'remove',-1,0,'','email test',NULL,'2023-09-29','19:13:56','inventory',7),(453,1,316,'remove',-1,0,'','email test',NULL,'2023-09-29','19:13:56','inventory',7),(454,1,317,'remove',-1,0,'','email test',NULL,'2023-09-29','19:13:56','inventory',7),(455,1,318,'remove',-1,0,'','email test',NULL,'2023-09-29','19:13:56','inventory',7),(456,1,319,'remove',-1,0,'','email test',NULL,'2023-09-29','19:13:56','inventory',7),(457,1,320,'remove',-1,0,'','email test',NULL,'2023-09-29','19:13:56','inventory',7),(458,1,321,'remove',-1,0,'','email test',NULL,'2023-09-29','19:13:56','inventory',7),(459,1,417,'move',-1,0,'','Move Stock',NULL,'2023-09-29','19:16:54','inventory',7),(460,1,454,'move',1,0,'','Move Stock',NULL,'2023-09-29','19:16:54','inventory',17),(461,1,418,'move',-1,0,'','Move Stock',NULL,'2023-09-29','19:16:54','inventory',7),(462,1,455,'move',1,0,'','Move Stock',NULL,'2023-09-29','19:16:54','inventory',17),(463,1,419,'move',-1,0,'','Move Stock',NULL,'2023-09-29','19:16:54','inventory',7),(464,1,456,'move',1,0,'','Move Stock',NULL,'2023-09-29','19:16:54','inventory',17),(465,1,420,'move',-1,0,'','Move Stock',NULL,'2023-09-29','19:16:54','inventory',7),(466,1,457,'move',1,0,'','Move Stock',NULL,'2023-09-29','19:16:54','inventory',17),(467,1,421,'move',-1,0,'','Move Stock',NULL,'2023-09-29','19:16:54','inventory',7),(468,1,458,'move',1,0,'','Move Stock',NULL,'2023-09-29','19:16:54','inventory',17),(469,1,422,'move',-1,0,'','Move Stock',NULL,'2023-09-29','19:16:54','inventory',7),(470,1,459,'move',1,0,'','Move Stock',NULL,'2023-09-29','19:16:54','inventory',17),(471,1,423,'move',-1,0,'','Move Stock',NULL,'2023-09-29','19:16:54','inventory',7),(472,1,460,'move',1,0,'','Move Stock',NULL,'2023-09-29','19:16:54','inventory',17),(473,1,424,'move',-1,0,'','Move Stock',NULL,'2023-09-29','19:16:54','inventory',7),(474,1,461,'move',1,0,'','Move Stock',NULL,'2023-09-29','19:16:54','inventory',17),(475,1,425,'move',-1,0,'','Move Stock',NULL,'2023-09-29','19:16:54','inventory',7),(476,1,462,'move',1,0,'','Move Stock',NULL,'2023-09-29','19:16:54','inventory',17),(477,1,426,'move',-1,0,'','Move Stock',NULL,'2023-09-29','19:16:54','inventory',7),(478,1,463,'move',1,0,'','Move Stock',NULL,'2023-09-29','19:16:54','inventory',17),(479,1,427,'move',-1,0,'','Move Stock',NULL,'2023-09-29','19:16:54','inventory',7),(480,1,464,'move',1,0,'','Move Stock',NULL,'2023-09-29','19:16:54','inventory',17),(481,124,465,'add',1,0,'','Testing the deleted stock section on admin page',NULL,'2023-10-31','14:31:49','inventory',17),(482,124,465,'remove',-1,0,'','delete needed',NULL,'2023-10-31','14:37:18','inventory',17),(483,124,0,'delete',0,0,'','No Stock Remaining, Deleted.',NULL,'2023-10-31','14:37:42','inventory',NULL),(484,125,466,'add',1,0,'','Deleted stock testing',NULL,'2023-10-31','14:39:43','inventory',17),(485,125,466,'remove',-1,0,'','delete test',NULL,'2023-10-31','14:39:56','inventory',17),(486,125,0,'delete',0,0,'','No Stock Remaining, Deleted.',NULL,'2023-10-31','14:40:02','inventory',NULL),(487,125,0,'delete',0,0,'','No Stock Remaining, Deleted.',NULL,'2023-10-31','14:52:07','inventory',NULL),(488,124,0,'delete',0,0,'','No Stock Remaining, Deleted.',NULL,'2023-10-31','15:05:13','inventory',NULL),(489,126,467,'add',1,10000,'FOC1917NXC2','New Stock',NULL,'2023-10-31','15:43:34','inventory',1),(490,127,468,'add',1,0,'','New Stock',NULL,'2023-10-31','15:51:30','inventory',17),(491,128,469,'add',1,0,'','New Stock',NULL,'2023-10-31','15:57:01','inventory',17),(492,127,468,'remove',-1,0,'','delete test object',NULL,'2023-10-31','16:08:27','inventory',17),(493,127,0,'delete',0,0,'','No Stock Remaining, Deleted.',NULL,'2023-10-31','16:08:44','inventory',NULL),(494,128,469,'remove',-1,0,'','delete',NULL,'2023-11-01','09:21:10','inventory',17),(495,128,0,'delete',0,0,'','No Stock Remaining, Deleted.',NULL,'2023-11-01','09:21:20','inventory',NULL),(496,128,0,'delete',0,0,'','No Stock Remaining, Deleted.',NULL,'2023-11-01','11:17:25','inventory',NULL),(497,128,0,'delete',0,0,'','No Stock Remaining, Deleted.',NULL,'2023-11-01','11:18:31','inventory',NULL),(498,124,0,'delete',0,0,'','No Stock Remaining, Deleted.',NULL,'2023-11-01','11:21:07','inventory',NULL),(499,124,0,'restore',0,0,'','Stock restored by an admin.',NULL,'2023-11-01','12:06:37','inventory',NULL),(500,124,0,'delete',0,0,'','No Stock Remaining, Deleted.',NULL,'2023-11-01','12:08:39','inventory',NULL),(501,124,0,'restore',0,0,'','Stock restored by an admin.',NULL,'2023-11-01','12:08:46','inventory',NULL),(502,127,0,'delete',0,0,'','No Stock Remaining, Deleted.',NULL,'2023-11-01','13:47:55','inventory',NULL),(503,127,0,'restore',0,0,'','Stock restored from deletion.',NULL,'2023-11-01','14:34:46','inventory',NULL),(504,127,0,'delete',0,0,'','No Stock Remaining, Deleted.',NULL,'2023-11-01','14:35:42','inventory',NULL),(505,125,0,'delete',0,0,'','No Stock Remaining, Deleted.',NULL,'2023-11-01','14:36:25','inventory',NULL),(506,128,0,'delete',0,0,'','No Stock Remaining, Deleted.',NULL,'2023-11-01','14:36:42','inventory',NULL),(507,124,0,'delete',0,0,'','No Stock Remaining, Deleted.',NULL,'2023-11-01','14:36:57','inventory',NULL);
/*!40000 ALTER TABLE `transaction` ENABLE KEYS */;
UNLOCK TABLES;

--
-- Table structure for table `users`
--

DROP TABLE IF EXISTS `users`;
/*!40101 SET @saved_cs_client     = @@character_set_client */;
/*!50503 SET character_set_client = utf8mb4 */;
CREATE TABLE `users` (
  `id` int NOT NULL AUTO_INCREMENT,
  `username` tinytext CHARACTER SET utf8mb3 COLLATE utf8mb3_unicode_ci NOT NULL,
  `first_name` tinytext CHARACTER SET utf8mb3 COLLATE utf8mb3_unicode_ci NOT NULL,
  `last_name` tinytext CHARACTER SET utf8mb3 COLLATE utf8mb3_unicode_ci NOT NULL,
  `email` text CHARACTER SET utf8mb3 COLLATE utf8mb3_unicode_ci NOT NULL,
  `auth` tinytext CHARACTER SET utf8mb3 COLLATE utf8mb3_unicode_ci,
  `password` longtext CHARACTER SET utf8mb3 COLLATE utf8mb3_unicode_ci,
  `role_id` int DEFAULT NULL,
  `enabled` tinyint(1) NOT NULL DEFAULT '1',
  `password_expired` tinyint(1) NOT NULL DEFAULT '0',
  `theme_id` int DEFAULT '0',
  `card_primary` int DEFAULT NULL,
  `card_secondary` int DEFAULT NULL,
  PRIMARY KEY (`id`)
) ENGINE=InnoDB AUTO_INCREMENT=6 DEFAULT CHARSET=utf8mb3 COLLATE=utf8mb3_unicode_ci;
/*!40101 SET character_set_client = @saved_cs_client */;

--
-- Dumping data for table `users`
--

LOCK TABLES `users` WRITE;
/*!40000 ALTER TABLE `users` DISABLE KEYS */;
INSERT INTO `users` VALUES (0,'root','root','root','root@inventory.local','local','$2y$10$aRluBsS5XanynigCkalh.OegxKMS3tUbS80aFSQAXvZAd9EevIq7q',0,1,0,0,NULL,NULL),(1,'andrew1','Andrew','Richardson','andrew@ajrich.co.uk','ldap',NULL,1,1,0,3,NULL,NULL),(2,'inventory','Inventory','User','inventory@ajrich.co.uk','ldap',NULL,2,1,0,1,17322435,17322435),(3,'Spam','Spam','Account','Spam@ajrich.co.uk','ldap',NULL,1,1,0,0,NULL,NULL),(4,'testlocal','test','local','spam@ajrich.co.uk','local','$2y$10$E8Agy4bN/CwTNC1w/j1xcuQSNBMWRvCLLRkScrHt3zSdBTmlYTBgO',1,1,0,0,NULL,NULL),(5,'example','example','user','example@example.com','local','$2y$10$HZBchNa34DE6T/cLsfko2eow.55AWDvf5ojUswPPBvOrx8E..ONne',1,0,1,0,NULL,NULL);
/*!40000 ALTER TABLE `users` ENABLE KEYS */;
UNLOCK TABLES;

--
-- Table structure for table `users_roles`
--

DROP TABLE IF EXISTS `users_roles`;
/*!40101 SET @saved_cs_client     = @@character_set_client */;
/*!50503 SET character_set_client = utf8mb4 */;
CREATE TABLE `users_roles` (
  `id` int NOT NULL AUTO_INCREMENT,
  `name` text CHARACTER SET utf8mb3 COLLATE utf8mb3_unicode_ci NOT NULL,
  `description` text CHARACTER SET utf8mb3 COLLATE utf8mb3_unicode_ci,
  `is_admin` tinyint(1) NOT NULL DEFAULT '0',
  `is_root` tinyint(1) NOT NULL DEFAULT '0',
  PRIMARY KEY (`id`)
) ENGINE=InnoDB AUTO_INCREMENT=3 DEFAULT CHARSET=utf8mb3 COLLATE=utf8mb3_unicode_ci;
/*!40101 SET character_set_client = @saved_cs_client */;

--
-- Dumping data for table `users_roles`
--

LOCK TABLES `users_roles` WRITE;
/*!40000 ALTER TABLE `users_roles` DISABLE KEYS */;
INSERT INTO `users_roles` VALUES (0,'Root','Root role for the default Root user ONLY.',1,1),(1,'User','Default group for normal Users.',0,0),(2,'Admin','Administrator role for any Administrator users.',1,0);
/*!40000 ALTER TABLE `users_roles` ENABLE KEYS */;
UNLOCK TABLES;
/*!40103 SET TIME_ZONE=@OLD_TIME_ZONE */;

/*!40101 SET SQL_MODE=@OLD_SQL_MODE */;
/*!40014 SET FOREIGN_KEY_CHECKS=@OLD_FOREIGN_KEY_CHECKS */;
/*!40014 SET UNIQUE_CHECKS=@OLD_UNIQUE_CHECKS */;
/*!40101 SET CHARACTER_SET_CLIENT=@OLD_CHARACTER_SET_CLIENT */;
/*!40101 SET CHARACTER_SET_RESULTS=@OLD_CHARACTER_SET_RESULTS */;
/*!40101 SET COLLATION_CONNECTION=@OLD_COLLATION_CONNECTION */;
/*!40111 SET SQL_NOTES=@OLD_SQL_NOTES */;

-- Dump completed on 2023-11-01 18:45:16
